,ds,trend,yhat_lower,yhat_upper,trend_lower,trend_upper,additive_terms,additive_terms_lower,additive_terms_upper,yearly,yearly_lower,yearly_upper,multiplicative_terms,multiplicative_terms_lower,multiplicative_terms_upper,yhat
0,2016-08-01,11.05536051097277,10.807646337452262,11.434152138235284,11.05536051097277,11.05536051097277,0.07685558321039133,0.07685558321039133,0.07685558321039133,0.07685558321039133,0.07685558321039133,0.07685558321039133,0.0,0.0,0.0,11.132216094183162
1,2016-09-01,11.04444858861692,10.837280331327982,11.438808657901014,11.04444858861692,11.04444858861692,0.0858806091128909,0.0858806091128909,0.0858806091128909,0.0858806091128909,0.0858806091128909,0.0858806091128909,0.0,0.0,0.0,11.13032919772981
2,2016-10-01,11.033888663756422,10.631236106129807,11.240521906034228,11.033888663756422,11.033888663756422,-0.10043029587065366,-0.10043029587065366,-0.10043029587065366,-0.10043029587065366,-0.10043029587065366,-0.10043029587065366,0.0,0.0,0.0,10.933458367885768
3,2016-11-01,11.02297674144898,10.808548466934932,11.41380262828562,11.02297674144898,11.02297674144898,0.07732922043891646,0.07732922043891646,0.07732922043891646,0.07732922043891646,0.07732922043891646,0.07732922043891646,0.0,0.0,0.0,11.100305961887896
4,2016-12-01,11.012416816635328,11.628348485870951,12.209137624040233,11.012416816635328,11.012416816635328,0.9136177451298716,0.9136177451298716,0.9136177451298716,0.9136177451298716,0.9136177451298716,0.9136177451298716,0.0,0.0,0.0,11.9260345617652
5,2017-01-01,11.001504894372172,10.95179287366386,11.580784573682944,11.001504894372172,11.001504894372172,0.2695644638652618,0.2695644638652618,0.2695644638652618,0.2695644638652618,0.2695644638652618,0.2695644638652618,0.0,0.0,0.0,11.271069358237433
6,2017-02-01,10.990592972109015,10.131104722977623,10.73363830731341,10.990592972109015,10.990592972109015,-0.5630949406525931,-0.5630949406525931,-0.5630949406525931,-0.5630949406525931,-0.5630949406525931,-0.5630949406525931,0.0,0.0,0.0,10.427498031456421
7,2017-03-01,10.980752121755941,10.672745876432582,11.298489624092445,10.980752121755941,10.980752121755941,-0.009667936822777938,-0.009667936822777938,-0.009667936822777938,-0.009667936822777938,-0.009667936822777938,-0.009667936822777938,0.0,0.0,0.0,10.971084184933163
8,2017-04-01,10.969864284385375,10.47994923189242,11.110531241688683,10.969864284385375,10.969864284385375,-0.190090314594754,-0.190090314594754,-0.190090314594754,-0.190090314594754,-0.190090314594754,-0.190090314594754,0.0,0.0,0.0,10.779773969790622
9,2017-05-01,10.959327667575147,10.573243744620566,11.181769994621817,10.959327667575147,10.959327667575147,-0.09020023995114537,-0.09020023995114537,-0.09020023995114537,-0.09020023995114537,-0.09020023995114537,-0.09020023995114537,0.0,0.0,0.0,10.869127427624003
10,2017-06-01,10.94854415378898,10.556197879744355,11.148343976813893,10.94854415378898,10.94854415378898,-0.09186628953292011,-0.09186628953292011,-0.09186628953292011,-0.09186628953292011,-0.09186628953292011,-0.09186628953292011,0.0,0.0,0.0,10.85667786425606
11,2017-07-01,10.938108495286235,10.50825139248521,11.11761235568372,10.938108495286235,10.938108495286235,-0.1155945849694228,-0.1155945849694228,-0.1155945849694228,-0.1155945849694228,-0.1155945849694228,-0.1155945849694228,0.0,0.0,0.0,10.822513910316813
12,2017-08-01,10.948829954649488,10.872302798644078,11.486185950457745,10.948829954649488,10.948829954649488,0.22550762309461134,0.22550762309461134,0.22550762309461134,0.22550762309461134,0.22550762309461134,0.22550762309461134,0.0,0.0,0.0,11.1743375777441
13,2017-09-01,10.95955141401274,10.618112100159054,11.21865124142904,10.95955141401274,10.95955141401274,-0.04460804056295428,-0.04460804056295428,-0.04460804056295428,-0.04460804056295428,-0.04460804056295428,-0.04460804056295428,0.0,0.0,0.0,10.914943373449786
14,2017-10-01,10.970048221467598,10.543958325757128,11.166290470447345,10.970048221467598,10.970048221467598,-0.12809924198015046,-0.12809924198015046,-0.12809924198015046,-0.12809924198015046,-0.12809924198015046,-0.12809924198015046,0.0,0.0,0.0,10.841948979487448
15,2017-11-01,10.980894922504287,10.757806198129325,11.37034894114216,10.980894922504287,10.980894922504287,0.08978966207576217,0.08978966207576217,0.08978966207576217,0.08978966207576217,0.08978966207576217,0.08978966207576217,0.0,0.0,0.0,11.07068458458005
16,2017-12-01,10.991459206989484,11.695499154410575,12.301404463428652,10.991459206989484,10.991459206989484,1.007005532086653,1.007005532086653,1.007005532086653,1.007005532086653,1.007005532086653,1.007005532086653,0.0,0.0,0.0,11.998464739076137
17,2018-01-01,11.002375634290853,10.841966821617968,11.471501139408847,11.002375634290853,11.002375634290853,0.14043009738287315,0.14043009738287315,0.14043009738287315,0.14043009738287315,0.14043009738287315,0.14043009738287315,0.0,0.0,0.0,11.142805731673727
18,2018-02-01,11.013328908959451,10.228432130687514,10.857854783004449,11.013328908959451,11.013328908959451,-0.4808480311782638,-0.4808480311782638,-0.4808480311782638,-0.4808480311782638,-0.4808480311782638,-0.4808480311782638,0.0,0.0,0.0,10.532480877781188
19,2018-03-01,11.023222189370733,10.71755605169777,11.343371453736825,11.023222189370733,11.023222189370733,0.00203707741886534,0.00203707741886534,0.00203707741886534,0.00203707741886534,0.00203707741886534,0.00203707741886534,0.0,0.0,0.0,11.025259266789599
20,2018-04-01,11.034175464111796,10.43884643549647,11.083593376756538,11.034175464111796,11.034175464111796,-0.2739160584833082,-0.2739160584833082,-0.2739160584833082,-0.2739160584833082,-0.2739160584833082,-0.2739160584833082,0.0,0.0,0.0,10.760259405628487
21,2018-05-01,11.044775407410249,10.732884017002718,11.33114743469841,11.044775407410249,11.044775407410249,-0.016917736820446113,-0.016917736820446113,-0.016917736820446113,-0.016917736820446113,-0.016917736820446113,-0.016917736820446113,0.0,0.0,0.0,11.027857670589803
22,2018-06-01,11.055728682151983,10.560385963968756,11.18078847682361,11.055728682151983,11.055728682151983,-0.18411914136570243,-0.18411914136570243,-0.18411914136570243,-0.18411914136570243,-0.18411914136570243,-0.18411914136570243,0.0,0.0,0.0,10.871609540786281
23,2018-07-01,11.066328625433986,10.665105894008118,11.295441170925265,11.066328625433986,11.066328625433986,-0.08014019743176101,-0.08014019743176101,-0.08014019743176101,-0.08014019743176101,-0.08014019743176101,-0.08014019743176101,0.0,0.0,0.0,10.986188428002224
24,2018-08-01,11.077281900158722,11.115603627335728,11.721959169364531,11.077281900158722,11.077281900158722,0.37185463026421717,0.37185463026421717,0.37185463026421717,0.37185463026421717,0.37185463026421717,0.37185463026421717,0.0,0.0,0.0,11.449136530422939
25,2018-09-01,11.088235174888586,10.580986600254061,11.208457022224422,11.088235174888586,11.088235174888586,-0.1775783457502836,-0.1775783457502836,-0.1775783457502836,-0.1775783457502836,-0.1775783457502836,-0.1775783457502836,0.0,0.0,0.0,10.910656829138302
26,2018-10-01,11.098835118175552,10.644991796431285,11.249951503643816,11.098835118175552,11.098835118175552,-0.1539433724286163,-0.1539433724286163,-0.1539433724286163,-0.1539433724286163,-0.1539433724286163,-0.1539433724286163,0.0,0.0,0.0,10.944891745746936
27,2018-11-01,11.109788392879588,10.892645362097799,11.49568429323769,11.109788392879588,11.109788392879588,0.10407706495195244,0.10407706495195244,0.10407706495195244,0.10407706495195244,0.10407706495195244,0.10407706495195244,0.0,0.0,0.0,11.21386545783154
28,2018-12-01,11.120388336141563,11.905777875474667,12.525962090001686,11.120388336141563,11.120388336141563,1.098609772625203,1.098609772625203,1.098609772625203,1.098609772625203,1.098609772625203,1.098609772625203,0.0,0.0,0.0,12.218998108766765
29,2019-01-01,11.131341610846063,10.86203138411395,11.445541427774973,11.131341610846063,11.131341610846063,0.01122505403604817,0.01122505403604817,0.01122505403604817,0.01122505403604817,0.01122505403604817,0.01122505403604817,0.0,0.0,0.0,11.14256666488211
30,2019-02-01,11.14229488555848,10.453533894591075,11.040243088048943,11.14229488555848,11.14229488555848,-0.39688289395869447,-0.39688289395869447,-0.39688289395869447,-0.39688289395869447,-0.39688289395869447,-0.39688289395869447,0.0,0.0,0.0,10.745411991599784
31,2019-03-01,11.15218816594389,10.84693557875102,11.482146729589783,11.15218816594389,11.15218816594389,0.011803620000059042,0.011803620000059042,0.011803620000059042,0.011803620000059042,0.011803620000059042,0.011803620000059042,0.0,0.0,0.0,11.16399178594395
32,2019-04-01,11.163141440686282,10.473006920195525,11.128501190043291,11.163141440686282,11.163141440686282,-0.3574475199949479,-0.3574475199949479,-0.3574475199949479,-0.3574475199949479,-0.3574475199949479,-0.3574475199949479,0.0,0.0,0.0,10.805693920691334
33,2019-05-01,11.17374138398537,10.923683940310285,11.536824712943446,11.17374138398537,11.17374138398537,0.05635657371540002,0.05635657371540002,0.05635657371540002,0.05635657371540002,0.05635657371540002,0.05635657371540002,0.0,0.0,0.0,11.23009795770077
34,2019-06-01,11.184694658769878,10.617815858701384,11.201862042164896,11.184694658769878,11.184694658769878,-0.27607911484203324,-0.27607911484203324,-0.27607911484203324,-0.27607911484203324,-0.27607911484203324,-0.27607911484203324,0.0,0.0,0.0,10.908615543927844
35,2019-07-01,11.195294602109724,10.849416172410839,11.427359484132268,11.195294602109724,11.195294602109724,-0.0422545229178241,-0.0422545229178241,-0.0422545229178241,-0.0422545229178241,-0.0422545229178241,-0.0422545229178241,0.0,0.0,0.0,11.1530400791919
36,2019-08-01,11.206247876963571,11.420384560641358,12.044705454954189,11.206247876963571,11.206247876963571,0.5157551463376895,0.5157551463376895,0.5157551463376895,0.5157551463376895,0.5157551463376895,0.5157551463376895,0.0,0.0,0.0,11.72200302330126
37,2019-09-01,11.217201151817418,10.608649028133325,11.179033162684243,11.217201151817418,11.217201151817418,-0.3129058627746125,-0.3129058627746125,-0.3129058627746125,-0.3129058627746125,-0.3129058627746125,-0.3129058627746125,0.0,0.0,0.0,10.904295289042805
38,2019-10-01,11.227849468787523,10.765038382771207,11.355301015761587,11.227849468787523,11.227849468787523,-0.1779039952002568,-0.1779039952002568,-0.1779039952002568,-0.1779039952002568,-0.1779039952002568,-0.1779039952002568,0.0,0.0,0.0,11.049945473587266
39,2019-11-01,11.238852729656632,11.053070484240564,11.654784445184855,11.238852729656632,11.238852729656632,0.12015613181070553,0.12015613181070553,0.12015613181070553,0.12015613181070553,0.12015613181070553,0.12015613181070553,0.0,0.0,0.0,11.359008861467338
40,2019-12-01,11.24951559057907,12.132601216513388,12.730812540254382,11.24951559057907,11.24951559057907,1.1883525531492423,1.1883525531492423,1.1883525531492423,1.1883525531492423,1.1883525531492423,1.1883525531492423,0.0,0.0,0.0,12.437868143728313
41,2020-01-01,11.278038643303312,10.824387301124363,11.438136183148778,11.278038643303312,11.278038643303312,-0.11794385296896422,-0.11794385296896422,-0.11794385296896422,-0.11794385296896422,-0.11794385296896422,-0.11794385296896422,0.0,0.0,0.0,11.160094790334348
42,2020-02-01,11.306561696027552,10.69965459284046,11.282293527330003,11.306561696027552,11.306561696027552,-0.3112688306393984,-0.3112688306393984,-0.3112688306393984,-0.3112688306393984,-0.3112688306393984,-0.3112688306393984,0.0,0.0,0.0,10.995292865388153
43,2020-03-01,11.333245909127927,10.99390010348359,11.618401687265397,11.333245909127927,11.333245909127927,-0.02329995163693654,-0.02329995163693654,-0.02329995163693654,-0.02329995163693654,-0.02329995163693654,-0.02329995163693654,0.0,0.0,0.0,11.30994595749099
44,2020-04-01,11.361770412786948,10.942520548977612,11.55740386344093,11.361770412786948,11.361770412786948,-0.10604779580602759,-0.10604779580602759,-0.10604779580602759,-0.10604779580602759,-0.10604779580602759,-0.10604779580602759,0.0,0.0,0.0,11.25572261698092
45,2020-05-01,11.389442432177386,10.922512788774476,11.519581520530364,11.389442432177386,11.389442432177386,-0.16345379472730429,-0.16345379472730429,-0.16345379472730429,-0.16345379472730429,-0.16345379472730429,-0.16345379472730429,0.0,0.0,0.0,11.225988637450081
46,2020-06-01,11.41803685221417,11.109114957661987,11.72869441477234,11.41803685221417,11.41803685221417,0.0006014647205397902,0.0006014647205397902,0.0006014647205397902,0.0006014647205397902,0.0006014647205397902,0.0006014647205397902,0.0,0.0,0.0,11.41863831693471
47,2020-07-01,11.445709020771096,11.00615873464118,11.59603685678171,11.445709020771096,11.445709020771096,-0.14855449493060782,-0.14855449493060782,-0.14855449493060782,-0.14855449493060782,-0.14855449493060782,-0.14855449493060782,0.0,0.0,0.0,11.297154525840488
48,2020-08-01,11.474303594946587,11.247776021372633,11.862892637747786,11.474303594946587,11.474303594946587,0.07685558320968795,0.07685558320968795,0.07685558320968795,0.07685558320968795,0.07685558320968795,0.07685558320968795,0.0,0.0,0.0,11.551159178156276
49,2020-09-01,11.502898169122076,11.30491930454724,11.892869140692873,11.502898169122076,11.502898169122076,0.08588060911228054,0.08588060911228054,0.08588060911228054,0.08588060911228054,0.08588060911228054,0.08588060911228054,0.0,0.0,0.0,11.588778778234357
50,2020-10-01,11.530570337679004,11.128889859650705,11.715914518138524,11.530570337679004,11.530570337679004,-0.10043029587090124,-0.10043029587090124,-0.10043029587090124,-0.10043029587090124,-0.10043029587090124,-0.10043029587090124,0.0,0.0,0.0,11.430140041808103
51,2020-11-01,11.559164911854493,11.350199264973954,11.933289470055723,11.559164911854493,11.559164911854493,0.07732922043893754,0.07732922043893754,0.07732922043893754,0.07732922043893754,0.07732922043893754,0.07732922043893754,0.0,0.0,0.0,11.63649413229343
52,2020-12-01,11.586837080411419,12.216465991488574,12.81278930191919,11.586837080411419,11.586837080411419,0.9136177451294973,0.9136177451294973,0.9136177451294973,0.9136177451294973,0.9136177451294973,0.9136177451294973,0.0,0.0,0.0,12.500454825540917
53,2021-01-01,11.61543165458691,11.608129023828354,12.184754072754291,11.61543165458691,11.61543165458691,0.2695644638655489,0.2695644638655489,0.2695644638655489,0.2695644638655489,0.2695644638655489,0.2695644638655489,0.0,0.0,0.0,11.88499611845246
54,2021-02-01,11.6440262287624,10.794667463579483,11.38546052714507,11.6440262287624,11.6440262287624,-0.5630949406519321,-0.5630949406519321,-0.5630949406519321,-0.5630949406519321,-0.5630949406519321,-0.5630949406519321,0.0,0.0,0.0,11.080931288110467
55,2021-03-01,11.669853586082198,11.347860147832364,11.97949971832462,11.669853586082198,11.669853586082198,-0.009667936822439114,-0.009667936822439114,-0.009667936822439114,-0.009667936822439114,-0.009667936822439114,-0.009667936822439114,0.0,0.0,0.0,11.660185649259759
56,2021-04-01,11.698448160257689,11.205628198012745,11.817570302374781,11.698448160257689,11.698448160257689,-0.1900903145940332,-0.1900903145940332,-0.1900903145940332,-0.1900903145940332,-0.1900903145940332,-0.1900903145940332,0.0,0.0,0.0,11.508357845663655
57,2021-05-01,11.726120328814615,11.329765560133923,11.942575779003093,11.726120328814615,11.726120328814615,-0.09020023995164259,-0.09020023995164259,-0.09020023995164259,-0.09020023995164259,-0.09020023995164259,-0.09020023995164259,0.0,0.0,0.0,11.635920088862973
58,2021-06-01,11.754714902990104,11.367925207281285,11.978662209665906,11.754714902990104,11.754714902990104,-0.09186628953299399,-0.09186628953299399,-0.09186628953299399,-0.09186628953299399,-0.09186628953299399,-0.09186628953299399,0.0,0.0,0.0,11.66284861345711
59,2021-07-01,11.782387071547031,11.379030187582602,11.971000397867591,11.782147325779224,11.782826504354302,-0.11559458496929784,-0.11559458496929784,-0.11559458496929784,-0.11559458496929784,-0.11559458496929784,-0.11559458496929784,0.0,0.0,0.0,11.666792486577734
60,2021-08-01,11.81098164572252,11.729737369094604,12.340549061546284,11.809292291674177,11.813144673600197,0.2255076230954222,0.2255076230954222,0.2255076230954222,0.2255076230954222,0.2255076230954222,0.2255076230954222,0.0,0.0,0.0,12.036489268817943
61,2021-09-01,11.83957621989801,11.480884280636989,12.090669501007943,11.83580273885897,11.84403068262174,-0.04460804056351671,-0.04460804056351671,-0.04460804056351671,-0.04460804056351671,-0.04460804056351671,-0.04460804056351671,0.0,0.0,0.0,11.794968179334493
62,2021-10-01,11.867248388454938,11.412559736033874,12.037941586380294,11.860679253645927,11.874453716495724,-0.12809924198002332,-0.12809924198002332,-0.12809924198002332,-0.12809924198002332,-0.12809924198002332,-0.12809924198002332,0.0,0.0,0.0,11.739149146474915
63,2021-11-01,11.895842962630427,11.703730292073324,12.290847216925336,11.885237196164686,11.906319764503822,0.08978966207653076,0.08978966207653076,0.08978966207653076,0.08978966207653076,0.08978966207653076,0.08978966207653076,0.0,0.0,0.0,11.985632624706957
64,2021-12-01,11.923515131187353,12.635614945929055,13.215892358558627,11.90908268499148,11.937382579889514,1.0070055320872981,1.0070055320872981,1.0070055320872981,1.0070055320872981,1.0070055320872981,1.0070055320872981,0.0,0.0,0.0,12.93052066327465
65,2022-01-01,11.952109705362844,11.792139366529375,12.380434710814797,11.933225139901348,11.96991440622737,0.14043009738312906,0.14043009738312906,0.14043009738312906,0.14043009738312906,0.14043009738312906,0.14043009738312906,0.0,0.0,0.0,12.092539802745973
66,2022-02-01,11.980704279538333,11.205588626206609,11.806502668130989,11.957955371520011,12.00343746750982,-0.48084803117811,-0.48084803117811,-0.48084803117811,-0.48084803117811,-0.48084803117811,-0.48084803117811,0.0,0.0,0.0,11.499856248360222
67,2022-03-01,12.006531636858131,11.700840933574113,12.30754657955755,11.979220045218442,12.033279932467863,0.0020370774191877106,0.0020370774191877106,0.0020370774191877106,0.0020370774191877106,0.0020370774191877106,0.0020370774191877106,0.0,0.0,0.0,12.008568714277319
68,2022-04-01,12.03512621103362,11.45610750050291,12.058607963153449,12.003624729189596,12.066876468126948,-0.27391605848236505,-0.27391605848236505,-0.27391605848236505,-0.27391605848236505,-0.27391605848236505,-0.27391605848236505,0.0,0.0,0.0,11.761210152551255
69,2022-05-01,12.062798379590548,11.740210078698558,12.367092573652755,12.02593120690219,12.099968698723204,-0.016917736820764865,-0.016917736820764865,-0.016917736820764865,-0.016917736820764865,-0.016917736820764865,-0.016917736820764865,0.0,0.0,0.0,12.045880642769783
70,2022-06-01,12.091392953766038,11.616309555677248,12.210765260134274,12.049912465715593,12.134424434961305,-0.18411914136545263,-0.18411914136545263,-0.18411914136545263,-0.18411914136545263,-0.18411914136545263,-0.18411914136545263,0.0,0.0,0.0,11.907273812400584
71,2022-07-01,12.119065122322963,11.715104579671193,12.3448021958137,12.071778480934961,12.16801652534912,-0.080140197431547,-0.080140197431547,-0.080140197431547,-0.080140197431547,-0.080140197431547,-0.080140197431547,0.0,0.0,0.0,12.038924924891417
72,2022-08-01,12.147659696498454,12.202586627175366,12.85347717799015,12.094239926223667,12.20281467773417,0.37185463026383064,0.37185463026383064,0.37185463026383064,0.37185463026383064,0.37185463026383064,0.37185463026383064,0.0,0.0,0.0,12.519514326762286
73,2022-09-01,12.176254270673944,11.685767724862636,12.301618421486571,12.116099803380905,12.236842316881539,-0.17757834575052334,-0.17757834575052334,-0.17757834575052334,-0.17757834575052334,-0.17757834575052334,-0.17757834575052334,0.0,0.0,0.0,11.99867592492342
74,2022-10-01,12.203926439230871,11.716022880453856,12.339845230628333,12.138312874103615,12.270068405371504,-0.15394337242841458,-0.15394337242841458,-0.15394337242841458,-0.15394337242841458,-0.15394337242841458,-0.15394337242841458,0.0,0.0,0.0,12.049983066802456
75,2022-11-01,12.23252101340636,12.011232708566034,12.67802582035517,12.160537038016122,12.304942865580406,0.1040770649525747,0.1040770649525747,0.1040770649525747,0.1040770649525747,0.1040770649525747,0.1040770649525747,0.0,0.0,0.0,12.336598078358936
76,2022-12-01,12.260193181963286,13.016051794742296,13.678850948350558,12.180848616043985,12.339385911851965,1.0986097726255302,1.0986097726255302,1.0986097726255302,1.0986097726255302,1.0986097726255302,1.0986097726255302,0.0,0.0,0.0,13.358802954588816
77,2023-01-01,12.288787756138777,11.999239317474775,12.638944096469215,12.20306413488983,12.376120367501654,0.011225054035614994,0.011225054035614994,0.011225054035614994,0.011225054035614994,0.011225054035614994,0.011225054035614994,0.0,0.0,0.0,12.300012810174392
78,2023-02-01,12.317382330314269,11.597423733795164,12.253355265719321,12.222869968601342,12.411335464893243,-0.39688289395956194,-0.39688289395956194,-0.39688289395956194,-0.39688289395956194,-0.39688289395956194,-0.39688289395956194,0.0,0.0,0.0,11.920499436354707
79,2023-03-01,12.343209687634065,12.012800208515726,12.652144926223917,12.2394586854581,12.44341173325937,0.011803619999612857,0.011803619999612857,0.011803619999612857,0.011803619999612857,0.011803619999612857,0.011803619999612857,0.0,0.0,0.0,12.355013307633678
80,2023-04-01,12.371804261809556,11.691792872697192,12.323471316199408,12.261421302162978,12.482358789983392,-0.3574475199949234,-0.3574475199949234,-0.3574475199949234,-0.3574475199949234,-0.3574475199949234,-0.3574475199949234,0.0,0.0,0.0,12.014356741814632
81,2023-05-01,12.399476430366482,12.120359455927177,12.779808415933859,12.282724799126978,12.516546762495814,0.05635657371602098,0.05635657371602098,0.05635657371602098,0.05635657371602098,0.05635657371602098,0.05635657371602098,0.0,0.0,0.0,12.455833004082503
82,2023-06-01,12.428071004541971,11.825329146272106,12.465635341178908,12.304098658974134,12.55130400656187,-0.27607911484171355,-0.27607911484171355,-0.27607911484171355,-0.27607911484171355,-0.27607911484171355,-0.27607911484171355,0.0,0.0,0.0,12.151991889700257
83,2023-07-01,12.455743173098899,12.08416749270578,12.730621534241191,12.32206429192259,12.587765590447443,-0.042254522918133385,-0.042254522918133385,-0.042254522918133385,-0.042254522918133385,-0.042254522918133385,-0.042254522918133385,0.0,0.0,0.0,12.413488650180765
84,2023-08-01,12.484337747274388,12.636417307368252,13.338564053645175,12.339491969729016,12.624520671062344,0.5157551463373187,0.5157551463373187,0.5157551463373187,0.5157551463373187,0.5157551463373187,0.5157551463373187,0.0,0.0,0.0,13.000092893611708
85,2023-09-01,12.51293232144988,11.823238583620073,12.535458826714967,12.355444919237272,12.66025016257007,-0.3129058627748533,-0.3129058627748533,-0.3129058627748533,-0.3129058627748533,-0.3129058627748533,-0.3129058627748533,0.0,0.0,0.0,12.200026458675026
86,2023-10-01,12.540604490006805,12.03577076268934,12.700033600535898,12.371771962546974,12.697681812593595,-0.17790399520018313,-0.17790399520018313,-0.17790399520018313,-0.17790399520018313,-0.17790399520018313,-0.17790399520018313,0.0,0.0,0.0,12.362700494806623
87,2023-11-01,12.569199064182296,12.313711273763726,13.051606967159113,12.388124842286595,12.73428331805753,0.12015613181098113,0.12015613181098113,0.12015613181098113,0.12015613181098113,0.12015613181098113,0.12015613181098113,0.0,0.0,0.0,12.689355195993278
88,2023-12-01,12.596871232739222,13.422244855860912,14.127278068323548,12.407319369348714,12.770802117390494,1.1883525531489796,1.1883525531489796,1.1883525531489796,1.1883525531489796,1.1883525531489796,1.1883525531489796,0.0,0.0,0.0,13.785223785888201
89,2024-01-01,12.625465806914711,12.121045659935904,12.859236084165806,12.429444074561944,12.806570373970487,-0.11794385296875846,-0.11794385296875846,-0.11794385296875846,-0.11794385296875846,-0.11794385296875846,-0.11794385296875846,0.0,0.0,0.0,12.507521953945952
90,2024-02-01,12.654060381090202,11.944370092565974,12.705639443072922,12.449535683116407,12.842902015133415,-0.3112688306385263,-0.3112688306385263,-0.3112688306385263,-0.3112688306385263,-0.3112688306385263,-0.3112688306385263,0.0,0.0,0.0,12.342791550451675
91,2024-03-01,12.680810144028564,12.274458176710128,13.012231979360601,12.46498603275517,12.881898935707742,-0.023299951637215228,-0.023299951637215228,-0.023299951637215228,-0.023299951637215228,-0.023299951637215228,-0.023299951637215228,0.0,0.0,0.0,12.65751019239135
92,2024-04-01,12.709404718204054,12.230269050534286,12.950425523212264,12.484624835321386,12.91658504307465,-0.1060477958060059,-0.1060477958060059,-0.1060477958060059,-0.1060477958060059,-0.1060477958060059,-0.1060477958060059,0.0,0.0,0.0,12.603356922398048
93,2024-05-01,12.737076886760981,12.1953487090689,12.944585228350721,12.502643074086095,12.950553706827332,-0.16345379472820062,-0.16345379472820062,-0.16345379472820062,-0.16345379472820062,-0.16345379472820062,-0.16345379472820062,0.0,0.0,0.0,12.573623092032781
94,2024-06-01,12.76567146093647,12.362213164580481,13.13998112650759,12.520544794660497,12.988605305449239,0.0006014647205584858,0.0006014647205584858,0.0006014647205584858,0.0006014647205584858,0.0006014647205584858,0.0006014647205584858,0.0,0.0,0.0,12.766272925657029
95,2024-07-01,12.793343629493396,12.22460235527316,13.015983769270937,12.533111057476429,13.027040075317,-0.1485544949308326,-0.1485544949308326,-0.1485544949308326,-0.1485544949308326,-0.1485544949308326,-0.1485544949308326,0.0,0.0,0.0,12.644789134562563
96,2024-08-01,12.821938203668887,12.48112726204007,13.26547549377616,12.55417095125398,13.064279175709917,0.0768555832092697,0.0768555832092697,0.0768555832092697,0.0768555832092697,0.0768555832092697,0.0768555832092697,0.0,0.0,0.0,12.898793786878157
97,2024-09-01,12.850532777844379,12.522281943200088,13.35343085195773,12.571857421946989,13.10465272526682,0.08588060911329314,0.08588060911329314,0.08588060911329314,0.08588060911329314,0.08588060911329314,0.08588060911329314,0.0,0.0,0.0,12.936413386957671
98,2024-10-01,12.878204946401304,12.340302022052144,13.196526063676503,12.591607866171325,13.138764021383938,-0.10043029587051595,-0.10043029587051595,-0.10043029587051595,-0.10043029587051595,-0.10043029587051595,-0.10043029587051595,0.0,0.0,0.0,12.777774650530787
99,2024-11-01,12.906799520576794,12.537037192351594,13.407082257239288,12.608392729126153,13.177315053850695,0.0773292204388707,0.0773292204388707,0.0773292204388707,0.0773292204388707,0.0773292204388707,0.0773292204388707,0.0,0.0,0.0,12.984128741015665
100,2024-12-01,12.934471689133721,13.406622798451426,14.257045441906309,12.62475477852286,13.209877160935317,0.9136177451293261,0.9136177451293261,0.9136177451293261,0.9136177451293261,0.9136177451293261,0.9136177451293261,0.0,0.0,0.0,13.848089434263047
101,2025-01-01,12.96306626330921,12.76962519789084,13.631044952851799,12.639446303803474,13.247781132946338,0.26956446386512256,0.26956446386512256,0.26956446386512256,0.26956446386512256,0.26956446386512256,0.26956446386512256,0.0,0.0,0.0,13.232630727174334
102,2025-02-01,12.991660837484702,11.980431625626846,12.843335786707254,12.653130828875188,13.285916461045643,-0.5630949406512709,-0.5630949406512709,-0.5630949406512709,-0.5630949406512709,-0.5630949406512709,-0.5630949406512709,0.0,0.0,0.0,12.428565896833431
103,2025-03-01,13.017488194804498,12.53246660563556,13.416529014147835,12.671417282463905,13.32021928517083,-0.009667936822856974,-0.009667936822856974,-0.009667936822856974,-0.009667936822856974,-0.009667936822856974,-0.009667936822856974,0.0,0.0,0.0,13.00782025798164
104,2025-04-01,13.04608276897999,12.383805428997947,13.279335113985532,12.686603027809214,13.357313498479014,-0.1900903145944995,-0.1900903145944995,-0.1900903145944995,-0.1900903145944995,-0.1900903145944995,-0.1900903145944995,0.0,0.0,0.0,12.85599245438549
105,2025-05-01,13.073754937536915,12.485257572381325,13.447171066986588,12.703328708108124,13.397076336375479,-0.09020023995209052,-0.09020023995209052,-0.09020023995209052,-0.09020023995209052,-0.09020023995209052,-0.09020023995209052,0.0,0.0,0.0,12.983554697584824
106,2025-06-01,13.102349511712406,12.530552426524547,13.430118537844352,12.725511849406063,13.439007018527299,-0.09186628953329604,-0.09186628953329604,-0.09186628953329604,-0.09186628953329604,-0.09186628953329604,-0.09186628953329604,0.0,0.0,0.0,13.01048322217911
107,2025-07-01,13.130021680269332,12.546482371490944,13.478611335569097,12.740083705103173,13.478609438001985,-0.11559458496917487,-0.11559458496917487,-0.11559458496917487,-0.11559458496917487,-0.11559458496917487,-0.11559458496917487,0.0,0.0,0.0,13.014427095300157
108,2025-08-01,13.158616254444821,12.855480660424961,13.837125565143758,12.755449887469767,13.515471395490328,0.2255076230948844,0.2255076230948844,0.2255076230948844,0.2255076230948844,0.2255076230948844,0.2255076230948844,0.0,0.0,0.0,13.384123877539706
109,2025-09-01,13.187210828620312,12.617016254712237,13.603557787168041,12.773445915651813,13.55785490681042,-0.0446080405631689,-0.0446080405631689,-0.0446080405631689,-0.0446080405631689,-0.0446080405631689,-0.0446080405631689,0.0,0.0,0.0,13.142602788057143
110,2025-10-01,13.214882997177238,12.560798427698241,13.600545735943557,12.786943980741572,13.597257143234014,-0.12809924198026965,-0.12809924198026965,-0.12809924198026965,-0.12809924198026965,-0.12809924198026965,-0.12809924198026965,0.0,0.0,0.0,13.086783755196969
111,2025-11-01,13.243477571352729,12.779799721252223,13.828930840802805,12.805281893950111,13.634915048078375,0.08978966207577499,0.08978966207577499,0.08978966207577499,0.08978966207577499,0.08978966207577499,0.08978966207577499,0.0,0.0,0.0,13.333267233428504
112,2025-12-01,13.271149739909655,13.718018276237654,14.770925801879136,12.824917527168692,13.673815187345951,1.0070055320875404,1.0070055320875404,1.0070055320875404,1.0070055320875404,1.0070055320875404,1.0070055320875404,0.0,0.0,0.0,14.278155271997194
113,2026-01-01,13.299744314085146,12.890051351938082,13.922424874640638,12.8431037407182,13.713478773280425,0.14043009738302056,0.14043009738302056,0.14043009738302056,0.14043009738302056,0.14043009738302056,0.14043009738302056,0.0,0.0,0.0,13.440174411468167
114,2026-02-01,13.328338888260635,12.259825748636072,13.37581595797527,12.855335608958043,13.755270460293849,-0.48084803117849684,-0.48084803117849684,-0.48084803117849684,-0.48084803117849684,-0.48084803117849684,-0.48084803117849684,0.0,0.0,0.0,12.84749085708214
115,2026-03-01,13.354166245580434,12.764943627778745,13.864044356873283,12.871872962166668,13.790617157349104,0.0020370774190775764,0.0020370774190775764,0.0020370774190775764,0.0020370774190775764,0.0020370774190775764,0.0020370774190775764,0.0,0.0,0.0,13.35620332299951
116,2026-04-01,13.382760819755923,12.548830678436554,13.634076848299587,12.885356439749076,13.829005341320658,-0.2739160584830923,-0.2739160584830923,-0.2739160584830923,-0.2739160584830923,-0.2739160584830923,-0.2739160584830923,0.0,0.0,0.0,13.108844761272831
117,2026-05-01,13.410432988312849,12.778608002811904,13.945022745639015,12.897922618948693,13.871294155134263,-0.01691773682012622,-0.01691773682012622,-0.01691773682012622,-0.01691773682012622,-0.01691773682012622,-0.01691773682012622,0.0,0.0,0.0,13.393515251492722
118,2026-06-01,13.43902756248834,12.67147214448792,13.825005864523165,12.911104872681738,13.914939825554764,-0.18411914136555738,-0.18411914136555738,-0.18411914136555738,-0.18411914136555738,-0.18411914136555738,-0.18411914136555738,0.0,0.0,0.0,13.254908421122783
119,2026-07-01,13.466699731045265,12.741050991318993,13.924222365690943,12.928016990197667,13.957151738789914,-0.0801401974312816,-0.0801401974312816,-0.0801401974312816,-0.0801401974312816,-0.0801401974312816,-0.0801401974312816,0.0,0.0,0.0,13.386559533613983
120,2026-08-01,13.495294305220757,13.216855657443908,14.44242054896472,12.93699453547324,13.998052318993873,0.37185463026399024,0.37185463026399024,0.37185463026399024,0.37185463026399024,0.37185463026399024,0.37185463026399024,0.0,0.0,0.0,13.867148935484746
121,2026-09-01,13.523888879396246,12.699927883602847,13.926220395610656,12.9493452251806,14.039489843233838,-0.17757834575071046,-0.17757834575071046,-0.17757834575071046,-0.17757834575071046,-0.17757834575071046,-0.17757834575071046,0.0,0.0,0.0,13.346310533645536
122,2026-10-01,13.551561047953173,12.746160456262455,14.009251577208174,12.960129680816854,14.080979029849034,-0.1539433724285244,-0.1539433724285244,-0.1539433724285244,-0.1539433724285244,-0.1539433724285244,-0.1539433724285244,0.0,0.0,0.0,13.39761767552465
123,2026-11-01,13.580155622128663,13.001577528882207,14.29647733488801,12.975428304257608,14.121014771550044,0.1040770649523911,0.1040770649523911,0.1040770649523911,0.1040770649523911,0.1040770649523911,0.1040770649523911,0.0,0.0,0.0,13.684232687081053
124,2026-12-01,13.607827790685588,14.017071935823237,15.317925698359637,12.997439117921482,14.1606341449009,1.0986097726258148,1.0986097726258148,1.0986097726258148,1.0986097726258148,1.0986097726258148,1.0986097726258148,0.0,0.0,0.0,14.706437563311404
125,2027-01-01,13.63642236486108,12.944671019702973,14.311646214725341,13.009742575944856,14.198012265834457,0.011225054035783529,0.011225054035783529,0.011225054035783529,0.011225054035783529,0.011225054035783529,0.011225054035783529,0.0,0.0,0.0,13.647647418896863
126,2027-02-01,13.66501693903657,12.555006950599163,13.894297515010035,13.025119009330297,14.234185858005338,-0.3968828939596706,-0.3968828939596706,-0.3968828939596706,-0.3968828939596706,-0.3968828939596706,-0.3968828939596706,0.0,0.0,0.0,13.2681340450769
127,2027-03-01,13.690844296356367,12.980099023589608,14.333044903817722,13.040766026894381,14.26618161750592,0.011803619999257216,0.011803619999257216,0.011803619999257216,0.011803619999257216,0.011803619999257216,0.011803619999257216,0.0,0.0,0.0,13.702647916355625
128,2027-04-01,13.719438870531858,12.631200181551874,14.033428676274685,13.053656580627578,14.306080327773065,-0.3574475199944149,-0.3574475199944149,-0.3574475199944149,-0.3574475199944149,-0.3574475199944149,-0.3574475199944149,0.0,0.0,0.0,13.361991350537444
129,2027-05-01,13.747111039088784,13.029564844539738,14.468500683700361,13.067249650003282,14.351479221266581,0.0563565737153065,0.0563565737153065,0.0563565737153065,0.0563565737153065,0.0563565737153065,0.0563565737153065,0.0,0.0,0.0,13.803467612804091
130,2027-06-01,13.775705613264273,12.733231622955852,14.22278389924552,13.07967511493633,14.39309208479268,-0.2760791148424139,-0.2760791148424139,-0.2760791148424139,-0.2760791148424139,-0.2760791148424139,-0.2760791148424139,0.0,0.0,0.0,13.49962649842186
131,2027-07-01,13.803377781821201,12.981329526053955,14.477146414137204,13.09238152953146,14.425462374350175,-0.0422545229188852,-0.0422545229188852,-0.0422545229188852,-0.0422545229188852,-0.0422545229188852,-0.0422545229188852,0.0,0.0,0.0,13.761123258902316
132,2027-08-01,13.83197235599669,13.518227784021482,15.072623783628844,13.10464205886745,14.472517221864964,0.5157551463377491,0.5157551463377491,0.5157551463377491,0.5157551463377491,0.5157551463377491,0.5157551463377491,0.0,0.0,0.0,14.34772750233444
133,2027-09-01,13.860566930172181,12.731054387302416,14.276274701022567,13.120847043355104,14.517437954937956,-0.31290586277425064,-0.31290586277425064,-0.31290586277425064,-0.31290586277425064,-0.31290586277425064,-0.31290586277425064,0.0,0.0,0.0,13.54766106739793
134,2027-10-01,13.888239098729107,12.860854821849552,14.463132328703615,13.134755181742774,14.559601434707634,-0.17790399519998581,-0.17790399519998581,-0.17790399519998581,-0.17790399519998581,-0.17790399519998581,-0.17790399519998581,0.0,0.0,0.0,13.710335103529122
135,2027-11-01,13.916833672904598,13.197838107208156,14.758360980715015,13.146987721514341,14.604423618871087,0.12015613181074786,0.12015613181074786,0.12015613181074786,0.12015613181074786,0.12015613181074786,0.12015613181074786,0.0,0.0,0.0,14.036989804715347
136,2027-12-01,13.944505841461524,14.280783788150886,15.871184706133821,13.16145444214311,14.648263388180789,1.1883525531492647,1.1883525531492647,1.1883525531492647,1.1883525531492647,1.1883525531492647,1.1883525531492647,0.0,0.0,0.0,15.132858394610789
137,2028-01-01,13.973100415637013,13.000287169862245,14.618418809532043,13.169585938973727,14.691612598411622,-0.11794385296893002,-0.11794385296893002,-0.11794385296893002,-0.11794385296893002,-0.11794385296893002,-0.11794385296893002,0.0,0.0,0.0,13.855156562668084
138,2028-02-01,14.001694989812504,12.856255119201377,14.477450121861889,13.177988757068857,14.73596988134115,-0.31126883063898103,-0.31126883063898103,-0.31126883063898103,-0.31126883063898103,-0.31126883063898103,-0.31126883063898103,0.0,0.0,0.0,13.690426159173523
139,2028-03-01,14.028444752750866,13.119562611418775,14.818986158350048,13.196803939862122,14.775029313529306,-0.02329995163712573,-0.02329995163712573,-0.02329995163712573,-0.02329995163712573,-0.02329995163712573,-0.02329995163712573,0.0,0.0,0.0,14.00514480111374
140,2028-04-01,14.057039326926354,13.017624538312209,14.727347327502098,13.20183599543268,14.81365365002236,-0.10604779580604187,-0.10604779580604187,-0.10604779580604187,-0.10604779580604187,-0.10604779580604187,-0.10604779580604187,0.0,0.0,0.0,13.950991531120312
141,2028-05-01,14.084711495483283,12.966234269710263,14.729450290572952,13.214830811034766,14.853724107811587,-0.16345379472888416,-0.16345379472888416,-0.16345379472888416,-0.16345379472888416,-0.16345379472888416,-0.16345379472888416,0.0,0.0,0.0,13.9212577007544
142,2028-06-01,14.11330606965877,13.18283493823096,14.932846269617016,13.226385444114136,14.896404551336966,0.0006014647212300474,0.0006014647212300474,0.0006014647212300474,0.0006014647212300474,0.0006014647212300474,0.0006014647212300474,0.0,0.0,0.0,14.113907534380001
143,2028-07-01,14.140978238215698,13.046877625467182,14.837987165019028,13.240187651487568,14.934396932087571,-0.14855449493080508,-0.14855449493080508,-0.14855449493080508,-0.14855449493080508,-0.14855449493080508,-0.14855449493080508,0.0,0.0,0.0,13.992423743284894
144,2028-08-01,14.169572812391186,13.261276151885928,15.155670745445587,13.254990451516836,14.975610907686013,0.07685558320996017,0.07685558320996017,0.07685558320996017,0.07685558320996017,0.07685558320996017,0.07685558320996017,0.0,0.0,0.0,14.246428395601146
145,2028-09-01,14.198167386566677,13.261547433405992,15.14166683973978,13.263543864842612,15.019665713611166,0.08588060911249028,0.08588060911249028,0.08588060911249028,0.08588060911249028,0.08588060911249028,0.08588060911249028,0.0,0.0,0.0,14.284047995679167
146,2028-10-01,14.225839555123603,13.13753181355692,15.040432752104426,13.270365836740401,15.063207470427166,-0.10043029586977836,-0.10043029586977836,-0.10043029586977836,-0.10043029586977836,-0.10043029586977836,-0.10043029586977836,0.0,0.0,0.0,14.125409259253825
147,2028-11-01,14.254434129299094,13.282519776614935,15.20549521517105,13.282972814244765,15.09896147625149,0.07732922043886907,0.07732922043886907,0.07732922043886907,0.07732922043886907,0.07732922043886907,0.07732922043886907,0.0,0.0,0.0,14.331763349737964
148,2028-12-01,14.28210629785602,14.144140738522061,16.134232974640813,13.287940322154371,15.136744571886108,0.9136177451292801,0.9136177451292801,0.9136177451292801,0.9136177451292801,0.9136177451292801,0.9136177451292801,0.0,0.0,0.0,15.195724042985299
149,2029-01-01,14.31070087203151,13.51538959140685,15.5004153027742,13.29759048162858,15.183596876618354,0.2695644638653167,0.2695644638653167,0.2695644638653167,0.2695644638653167,0.2695644638653167,0.2695644638653167,0.0,0.0,0.0,14.580265335896827
150,2029-02-01,14.339295446207,12.729524530916024,14.747866467093038,13.309252623607392,15.235634924412446,-0.5630949406519816,-0.5630949406519816,-0.5630949406519816,-0.5630949406519816,-0.5630949406519816,-0.5630949406519816,0.0,0.0,0.0,13.776200505555018
151,2029-03-01,14.3651228035268,13.250472405398957,15.276840344164006,13.320109918435982,15.284465850835282,-0.009667936822210186,-0.009667936822210186,-0.009667936822210186,-0.009667936822210186,-0.009667936822210186,-0.009667936822210186,0.0,0.0,0.0,14.35545486670459
152,2029-04-01,14.393717377702288,13.068588359368887,15.151017703244642,13.331296326065504,15.32768548084446,-0.1900903145937786,-0.1900903145937786,-0.1900903145937786,-0.1900903145937786,-0.1900903145937786,-0.1900903145937786,0.0,0.0,0.0,14.20362706310851
153,2029-05-01,14.421389546259217,13.202710245438666,15.303733920633357,13.34987385087951,15.371013676918244,-0.09020023995149118,-0.09020023995149118,-0.09020023995149118,-0.09020023995149118,-0.09020023995149118,-0.09020023995149118,0.0,0.0,0.0,14.331189306307726
154,2029-06-01,14.449984120434705,13.256916494809252,15.318844017791353,13.364262354249457,15.42343783548691,-0.0918662895337477,-0.0918662895337477,-0.0918662895337477,-0.0918662895337477,-0.0918662895337477,-0.0918662895337477,0.0,0.0,0.0,14.358117830900957
155,2029-07-01,14.477656288991634,13.183257071737627,15.366797885689413,13.380863824822628,15.463147239266448,-0.11559458496928736,-0.11559458496928736,-0.11559458496928736,-0.11559458496928736,-0.11559458496928736,-0.11559458496928736,0.0,0.0,0.0,14.362061704022347
156,2029-08-01,14.506250863167121,13.559069802307045,15.786867275422496,13.383738841066885,15.520525734926785,0.22550762309444755,0.22550762309444755,0.22550762309444755,0.22550762309444755,0.22550762309444755,0.22550762309444755,0.0,0.0,0.0,14.731758486261569
157,2029-09-01,14.53484543734261,13.28099819263765,15.555665374452726,13.394798778209516,15.567810787072021,-0.04460804056330307,-0.04460804056330307,-0.04460804056330307,-0.04460804056330307,-0.04460804056330307,-0.04460804056330307,0.0,0.0,0.0,14.490237396779309
158,2029-10-01,14.562517605899538,13.191743654226784,15.54356875193055,13.406315117150262,15.608792238389453,-0.12809924197988373,-0.12809924197988373,-0.12809924197988373,-0.12809924197988373,-0.12809924197988373,-0.12809924197988373,0.0,0.0,0.0,14.434418363919654
159,2029-11-01,14.591112180075028,13.461647285857167,15.762885383446902,13.418110001630131,15.650504230828039,0.08978966207646555,0.08978966207646555,0.08978966207646555,0.08978966207646555,0.08978966207646555,0.08978966207646555,0.0,0.0,0.0,14.680901842151494
160,2029-12-01,14.618784348631953,14.380082926879231,16.689500843017502,13.425016256304335,15.693337178197059,1.0070055320876463,1.0070055320876463,1.0070055320876463,1.0070055320876463,1.0070055320876463,1.0070055320876463,0.0,0.0,0.0,15.6257898807196
161,2030-01-01,14.647378922807444,13.481247274985853,15.918983245509608,13.42970969080556,15.744358879989438,0.14043009738354384,0.14043009738354384,0.14043009738354384,0.14043009738354384,0.14043009738354384,0.14043009738354384,0.0,0.0,0.0,14.787809020190988
162,2030-02-01,14.675973496982936,12.947380641517768,15.304060716327513,13.43247679138168,15.780517687921957,-0.4808480311767062,-0.4808480311767062,-0.4808480311767062,-0.4808480311767062,-0.4808480311767062,-0.4808480311767062,0.0,0.0,0.0,14.19512546580623
163,2030-03-01,14.701800854302732,13.373346877402087,15.864963844817664,13.453243063385647,15.82418523802161,0.002037077418730995,0.002037077418730995,0.002037077418730995,0.002037077418730995,0.002037077418730995,0.002037077418730995,0.0,0.0,0.0,14.703837931721463
164,2030-04-01,14.730395428478223,13.14445135434006,15.630293625579963,13.463172774990129,15.866656969649872,-0.2739160584845377,-0.2739160584845377,-0.2739160584845377,-0.2739160584845377,-0.2739160584845377,-0.2739160584845377,0.0,0.0,0.0,14.456479369993685
165,2030-05-01,14.758067597035149,13.423885873610857,15.940733205126811,13.472059934069389,15.913317546623684,-0.016917736821048808,-0.016917736821048808,-0.016917736821048808,-0.016917736821048808,-0.016917736821048808,-0.016917736821048808,0.0,0.0,0.0,14.741149860214101
166,2030-06-01,14.786662171210638,13.230046027973287,15.851489620954002,13.481084341193428,15.961221369739707,-0.184119141365831,-0.184119141365831,-0.184119141365831,-0.184119141365831,-0.184119141365831,-0.184119141365831,0.0,0.0,0.0,14.602543029844806
167,2030-07-01,14.814334339767566,13.346062377631567,15.98780736131112,13.487034960314723,16.011188410155448,-0.08014019743132227,-0.08014019743132227,-0.08014019743132227,-0.08014019743132227,-0.08014019743132227,-0.08014019743132227,0.0,0.0,0.0,14.734194142336243
168,2030-08-01,14.842928913943055,13.835298623133102,16.451750547757477,13.494482282280787,16.053329213847384,0.3718546302648374,0.3718546302648374,0.3718546302648374,0.3718546302648374,0.3718546302648374,0.3718546302648374,0.0,0.0,0.0,15.214783544207892
169,2030-09-01,14.871523488118546,13.257667984483898,15.895691064077537,13.50502968574902,16.092625962197484,-0.17757834574941997,-0.17757834574941997,-0.17757834574941997,-0.17757834574941997,-0.17757834574941997,-0.17757834574941997,0.0,0.0,0.0,14.693945142369126
170,2030-10-01,14.899195656675472,13.309318934215757,15.954675166334958,13.524378187462336,16.148691968654802,-0.15394337242693135,-0.15394337242693135,-0.15394337242693135,-0.15394337242693135,-0.15394337242693135,-0.15394337242693135,0.0,0.0,0.0,14.74525228424854
171,2030-11-01,14.927790230850963,13.63030825324343,16.341199233116985,13.522251929475386,16.194581704996907,0.10407706495316545,0.10407706495316545,0.10407706495316545,0.10407706495316545,0.10407706495316545,0.10407706495316545,0.0,0.0,0.0,15.031867295804128
172,2030-12-01,14.955462399407889,14.59470393789646,17.380015876631873,13.534835718493122,16.243069593733278,1.0986097726245208,1.0986097726245208,1.0986097726245208,1.0986097726245208,1.0986097726245208,1.0986097726245208,0.0,0.0,0.0,16.05407217203241
173,2031-01-01,14.984056973583378,13.525470133548746,16.33991458521329,13.539203880773902,16.286554705408385,0.011225054037343345,0.011225054037343345,0.011225054037343345,0.011225054037343345,0.011225054037343345,0.011225054037343345,0.0,0.0,0.0,14.995282027620721
174,2031-02-01,15.01265154775887,13.166807405988253,15.940111998183061,13.559202675661746,16.32938812163558,-0.3968828939603933,-0.3968828939603933,-0.3968828939603933,-0.3968828939603933,-0.3968828939603933,-0.3968828939603933,0.0,0.0,0.0,14.615768653798476
175,2031-03-01,15.038478905078666,13.559104334425921,16.448828998750646,13.565402716355731,16.36769800062904,0.011803619999156328,0.011803619999156328,0.011803619999156328,0.011803619999156328,0.011803619999156328,0.011803619999156328,0.0,0.0,0.0,15.050282525077822
176,2031-04-01,15.067073479254157,13.185511077948448,16.071550099900506,13.571369846817337,16.407380977574174,-0.3574475199927567,-0.3574475199927567,-0.3574475199927567,-0.3574475199927567,-0.3574475199927567,-0.3574475199927567,0.0,0.0,0.0,14.7096259592614
177,2031-05-01,15.094745647811083,13.611097196266831,16.530357913596884,13.579301223114799,16.44551484904867,0.05635657371538326,0.05635657371538326,0.05635657371538326,0.05635657371538326,0.05635657371538326,0.05635657371538326,0.0,0.0,0.0,15.151102221526466
178,2031-06-01,15.123340221986574,13.256204923044526,16.188682126805293,13.585499984185839,16.486417175235328,-0.27607911484119185,-0.27607911484119185,-0.27607911484119185,-0.27607911484119185,-0.27607911484119185,-0.27607911484119185,0.0,0.0,0.0,14.847261107145382
179,2031-07-01,15.1510123905435,13.505097734734331,16.484098298649727,13.592228265836907,16.52470891677141,-0.042254522918489766,-0.042254522918489766,-0.042254522918489766,-0.042254522918489766,-0.042254522918489766,-0.042254522918489766,0.0,0.0,0.0,15.108757867625009
180,2031-08-01,15.17960696471899,14.075249900523708,17.055193955339735,13.601039731345201,16.57364430918542,0.5157551463356179,0.5157551463356179,0.5157551463356179,0.5157551463356179,0.5157551463356179,0.5157551463356179,0.0,0.0,0.0,15.695362111054608
181,2031-09-01,15.20820153889448,13.30767336126873,16.288933805634706,13.621545888650273,16.626969728907717,-0.3129058627732499,-0.3129058627732499,-0.3129058627732499,-0.3129058627732499,-0.3129058627732499,-0.3129058627732499,0.0,0.0,0.0,14.895295676121231
182,2031-10-01,15.235873707451406,13.397515545910569,16.496950979062916,13.626803311595419,16.678574973800266,-0.17790399520002456,-0.17790399520002456,-0.17790399520002456,-0.17790399520002456,-0.17790399520002456,-0.17790399520002456,0.0,0.0,0.0,15.057969712251381
183,2031-11-01,15.264468281626897,13.755576680078871,16.8364543993195,13.634015599067812,16.73190039352257,0.12015613181105106,0.12015613181105106,0.12015613181105106,0.12015613181105106,0.12015613181105106,0.12015613181105106,0.0,0.0,0.0,15.384624413437948
184,2031-12-01,15.292140450183823,14.798487340664757,17.995270716056215,13.647094749713167,16.78350563841512,1.1883525531487473,1.1883525531487473,1.1883525531487473,1.1883525531487473,1.1883525531487473,1.1883525531487473,0.0,0.0,0.0,16.48049300333257
185,2032-01-01,15.320735024359314,13.527589681054222,16.70244329923555,13.65968078237599,16.82829079743381,-0.11794385296684695,-0.11794385296684695,-0.11794385296684695,-0.11794385296684695,-0.11794385296684695,-0.11794385296684695,0.0,0.0,0.0,15.202791171392466
186,2032-02-01,15.349329598534803,13.31628117619069,16.516051514018436,13.676051352186931,16.861904152197567,-0.3112688306396519,-0.3112688306396519,-0.3112688306396519,-0.3112688306396519,-0.3112688306396519,-0.3112688306396519,0.0,0.0,0.0,15.038060767895152
187,2032-03-01,15.376079361473165,13.593747340972255,16.880097992557868,13.679346782918975,16.897180639526944,-0.02329995163718051,-0.02329995163718051,-0.02329995163718051,-0.02329995163718051,-0.02329995163718051,-0.02329995163718051,0.0,0.0,0.0,15.352779409835984
188,2032-04-01,15.404673935648656,13.557825036431193,16.81055174590448,13.684168102994693,16.94634444075188,-0.10604779580456192,-0.10604779580456192,-0.10604779580456192,-0.10604779580456192,-0.10604779580456192,-0.10604779580456192,0.0,0.0,0.0,15.298626139844094
189,2032-05-01,15.432346104205582,13.514438426359812,16.86690704572766,13.689283890989191,16.99443637997804,-0.16345379472851268,-0.16345379472851268,-0.16345379472851268,-0.16345379472851268,-0.16345379472851268,-0.16345379472851268,0.0,0.0,0.0,15.268892309477069
190,2032-06-01,15.460940678381073,13.676222114727375,16.98490773077695,13.694597984540293,17.03841835945132,0.0006014647223597136,0.0006014647223597136,0.0006014647223597136,0.0006014647223597136,0.0006014647223597136,0.0006014647223597136,0.0,0.0,0.0,15.461542143103433
191,2032-07-01,15.488612846937999,13.510732817513615,16.900945632321967,13.71514070528113,17.073043221981308,-0.14855449493086748,-0.14855449493086748,-0.14855449493086748,-0.14855449493086748,-0.14855449493086748,-0.14855449493086748,0.0,0.0,0.0,15.340058352007132
192,2032-08-01,15.517207421113488,13.709230141225744,17.191772790712445,13.724889671998936,17.116458376299192,0.07685558320736494,0.07685558320736494,0.07685558320736494,0.07685558320736494,0.07685558320736494,0.07685558320736494,0.0,0.0,0.0,15.594063004320853
193,2032-09-01,15.54580199528898,13.823123744837273,17.2059254120428,13.740670171405478,17.162969484378664,0.08588060911476511,0.08588060911476511,0.08588060911476511,0.08588060911476511,0.08588060911476511,0.08588060911476511,0.0,0.0,0.0,15.631682604403744
194,2032-10-01,15.573474163845905,13.639102206844308,17.042076234466286,13.756954214270248,17.213796397109117,-0.10043029587027767,-0.10043029587027767,-0.10043029587027767,-0.10043029587027767,-0.10043029587027767,-0.10043029587027767,0.0,0.0,0.0,15.473043867975628
195,2032-11-01,15.602068738021396,13.786603233545536,17.26900042367431,13.768390629421912,17.256552938023894,0.07732922043777438,0.07732922043777438,0.07732922043777438,0.07732922043777438,0.07732922043777438,0.07732922043777438,0.0,0.0,0.0,15.67939795845917
196,2032-12-01,15.629740906578322,14.658806176770169,18.196494574580335,13.771012721999265,17.29649127790572,0.9136177451279193,0.9136177451279193,0.9136177451279193,0.9136177451279193,0.9136177451279193,0.9136177451279193,0.0,0.0,0.0,16.543358651706242
197,2033-01-01,15.658335480753813,14.052369197988524,17.537336627514772,13.784958482179189,17.339962030056,0.2695644638667386,0.2695644638667386,0.2695644638667386,0.2695644638667386,0.2695644638667386,0.2695644638667386,0.0,0.0,0.0,15.92789994462055
198,2033-02-01,15.686930054929302,13.239880415872625,16.8723994959608,13.798226405209903,17.38568487507962,-0.5630949406526775,-0.5630949406526775,-0.5630949406526775,-0.5630949406526775,-0.5630949406526775,-0.5630949406526775,0.0,0.0,0.0,15.123835114276625
199,2033-03-01,15.7127574122491,13.786464587264847,17.377582634667167,13.80574126067774,17.427770475070705,-0.00966793682260423,-0.00966793682260423,-0.00966793682260423,-0.00966793682260423,-0.00966793682260423,-0.00966793682260423,0.0,0.0,0.0,15.703089475426497
200,2033-04-01,15.74135198642459,13.594273266129546,17.261554537387774,13.819877825286712,17.472384043088777,-0.1900903145933463,-0.1900903145933463,-0.1900903145933463,-0.1900903145933463,-0.1900903145933463,-0.1900903145933463,0.0,0.0,0.0,15.551261671831243
201,2033-05-01,15.769024154981516,13.73771617277301,17.39011440185976,13.829764110698733,17.51541877706904,-0.09020023995311346,-0.09020023995311346,-0.09020023995311346,-0.09020023995311346,-0.09020023995311346,-0.09020023995311346,0.0,0.0,0.0,15.678823915028403
202,2033-06-01,15.797618729157007,13.69600124695896,17.501103671121797,13.836052244410935,17.559811318559582,-0.0918662895311394,-0.0918662895311394,-0.0918662895311394,-0.0918662895311394,-0.0918662895311394,-0.0918662895311394,0.0,0.0,0.0,15.705752439625867
203,2033-07-01,15.825290897713932,13.686793288587413,17.471307219218936,13.858913628891804,17.597191534881333,-0.11559458497034113,-0.11559458497034113,-0.11559458497034113,-0.11559458497034113,-0.11559458497034113,-0.11559458497034113,0.0,0.0,0.0,15.709696312743592
204,2033-08-01,15.853885471889424,14.05376578832381,17.871251108826264,13.868390297914328,17.630881255068783,0.22550762309285913,0.22550762309285913,0.22550762309285913,0.22550762309285913,0.22550762309285913,0.22550762309285913,0.0,0.0,0.0,16.079393094982283
205,2033-09-01,15.882480046064911,13.759110259873708,17.620803477520877,13.876847956767003,17.662048172090348,-0.04460804056172771,-0.04460804056172771,-0.04460804056172771,-0.04460804056172771,-0.04460804056172771,-0.04460804056172771,0.0,0.0,0.0,15.837872005503183
206,2033-10-01,15.91015221462184,13.663351248420554,17.542714066645697,13.875498542667334,17.706772454328927,-0.1280992419790983,-0.1280992419790983,-0.1280992419790983,-0.1280992419790983,-0.1280992419790983,-0.1280992419790983,0.0,0.0,0.0,15.782052972642742
207,2033-11-01,15.938746788797328,13.959212294015142,17.83351236200138,13.88555225451384,17.746528930530935,0.0897896620745406,0.0897896620745406,0.0897896620745406,0.0897896620745406,0.0897896620745406,0.0897896620745406,0.0,0.0,0.0,16.02853645087187
208,2033-12-01,15.966418957354254,14.874358981799602,18.881425705524673,13.89820342847145,17.790307239709506,1.0070055320854012,1.0070055320854012,1.0070055320854012,1.0070055320854012,1.0070055320854012,1.0070055320854012,0.0,0.0,0.0,16.973424489439655
209,2034-01-01,15.995013531529743,14.022389479822474,17.98993217719475,13.909633139627264,17.835380693638463,0.14043009738499687,0.14043009738499687,0.14043009738499687,0.14043009738499687,0.14043009738499687,0.14043009738499687,0.0,0.0,0.0,16.13544362891474
210,2034-02-01,16.023608105705236,13.41504502065754,17.46970375784551,13.92532281924775,17.875233774258255,-0.4808480311795432,-0.4808480311795432,-0.4808480311795432,-0.4808480311795432,-0.4808480311795432,-0.4808480311795432,0.0,0.0,0.0,15.542760074525694
211,2034-03-01,16.049435463025034,13.803561800614368,18.00057609813273,13.929781161723088,17.91465194939956,0.0020370774192961056,0.0020370774192961056,0.0020370774192961056,0.0020370774192961056,0.0020370774192961056,0.0020370774192961056,0.0,0.0,0.0,16.05147254044433
212,2034-04-01,16.078030037200524,13.605371413583699,17.707571582496044,13.92893797988367,17.957788465161617,-0.2739160584823787,-0.2739160584823787,-0.2739160584823787,-0.2739160584823787,-0.2739160584823787,-0.2739160584823787,0.0,0.0,0.0,15.804113978718146
213,2034-05-01,16.10570220575745,13.920560423626537,18.092459200735735,13.930372630575526,18.00020688884654,-0.01691773682230175,-0.01691773682230175,-0.01691773682230175,-0.01691773682230175,-0.01691773682230175,-0.01691773682230175,0.0,0.0,0.0,16.08878446893515
214,2034-06-01,16.134296779932942,13.730246200531736,17.889557470107707,13.930008679988497,18.044287079209564,-0.18411914136477406,-0.18411914136477406,-0.18411914136477406,-0.18411914136477406,-0.18411914136477406,-0.18411914136477406,0.0,0.0,0.0,15.950177638568167
215,2034-07-01,16.161968948489868,13.857748483577222,18.06333582447764,13.931888348996655,18.09468085046426,-0.08014019743155264,-0.08014019743155264,-0.08014019743155264,-0.08014019743155264,-0.08014019743155264,-0.08014019743155264,0.0,0.0,0.0,16.081828751058314
216,2034-08-01,16.190563522665357,14.369935274082193,18.612467483314944,13.934698066059294,18.148279861705397,0.371854630261282,0.371854630261282,0.371854630261282,0.371854630261282,0.371854630261282,0.371854630261282,0.0,0.0,0.0,16.56241815292664
217,2034-09-01,16.219158096840847,13.744523328803963,18.017879752164294,13.950914337100329,18.185262439324966,-0.17757834574896245,-0.17757834574896245,-0.17757834574896245,-0.17757834574896245,-0.17757834574896245,-0.17757834574896245,0.0,0.0,0.0,16.041579751091884
218,2034-10-01,16.246830265397776,13.816634218011313,18.09783737035865,13.967785026345796,18.23573789545235,-0.15394337242775064,-0.15394337242775064,-0.15394337242775064,-0.15394337242775064,-0.15394337242775064,-0.15394337242775064,0.0,0.0,0.0,16.092886892970025
219,2034-11-01,16.27542483957326,14.038933960560811,18.389117555285573,13.983381246943615,18.290477177115473,0.10407706495230888,0.10407706495230888,0.10407706495230888,0.10407706495230888,0.10407706495230888,0.10407706495230888,0.0,0.0,0.0,16.379501904525572
220,2034-12-01,16.303097008130187,15.07825864017923,19.44969776134262,13.97808042246259,18.33392135501958,1.0986097726243598,1.0986097726243598,1.0986097726243598,1.0986097726243598,1.0986097726243598,1.0986097726243598,0.0,0.0,0.0,17.401706780754548
221,2035-01-01,16.331691582305677,14.013974331050663,18.429467700957627,13.993390781093968,18.391613449545677,0.011225054038397218,0.011225054038397218,0.011225054038397218,0.011225054038397218,0.011225054038397218,0.011225054038397218,0.0,0.0,0.0,16.342916636344075
222,2035-02-01,16.36028615648117,13.624109559705515,18.074597161433847,14.002425055108045,18.441044060257113,-0.3968828939608471,-0.3968828939608471,-0.3968828939608471,-0.3968828939608471,-0.3968828939608471,-0.3968828939608471,0.0,0.0,0.0,15.963403262520323
223,2035-03-01,16.386113513800964,13.99329375838682,18.548248302113496,14.012936760068278,18.49132794943293,0.01180361999915819,0.01180361999915819,0.01180361999915819,0.01180361999915819,0.01180361999915819,0.01180361999915819,0.0,0.0,0.0,16.39791713380012
224,2035-04-01,16.414708087976457,13.648553439885811,18.238199204631137,14.020237818261018,18.534373011387757,-0.3574475199941939,-0.3574475199941939,-0.3574475199941939,-0.3574475199941939,-0.3574475199941939,-0.3574475199941939,0.0,0.0,0.0,16.057260567982265
225,2035-05-01,16.442380256533383,14.061732959689683,18.632319669428853,14.023410557792783,18.57287123370558,0.0563565737146747,0.0563565737146747,0.0563565737146747,0.0563565737146747,0.0563565737146747,0.0563565737146747,0.0,0.0,0.0,16.498736830248056
226,2035-06-01,16.470974830708872,13.762059479758312,18.366906547647645,14.027894822427625,18.624512875626422,-0.2760791148404965,-0.2760791148404965,-0.2760791148404965,-0.2760791148404965,-0.2760791148404965,-0.2760791148404965,0.0,0.0,0.0,16.194895715868377
227,2035-07-01,16.498646999265798,13.973405925334127,18.739862986024924,14.033803937725436,18.672581094540668,-0.04225452291842242,-0.04225452291842242,-0.04225452291842242,-0.04225452291842242,-0.04225452291842242,-0.04225452291842242,0.0,0.0,0.0,16.456392476347375
228,2035-08-01,16.52724157344129,14.549312263338136,19.29365148659917,14.060743354434013,18.72983479058103,0.515755146336396,0.515755146336396,0.515755146336396,0.515755146336396,0.515755146336396,0.515755146336396,0.0,0.0,0.0,17.042996719777687
229,2035-09-01,16.55583614761678,13.745256136760611,18.426837967347055,14.066399390217121,18.786584729312956,-0.31290586277275706,-0.31290586277275706,-0.31290586277275706,-0.31290586277275706,-0.31290586277275706,-0.31290586277275706,0.0,0.0,0.0,16.24293028484402
230,2035-10-01,16.583508316173706,13.89230737485046,18.678552801902583,14.070335672613835,18.832026782024357,-0.17790399519933175,-0.17790399519933175,-0.17790399519933175,-0.17790399519933175,-0.17790399519933175,-0.17790399519933175,0.0,0.0,0.0,16.405604320974373
231,2035-11-01,16.612102890349195,14.17894986586944,18.932894918647662,14.072049277217095,18.87802431279877,0.12015613181069311,0.12015613181069311,0.12015613181069311,0.12015613181069311,0.12015613181069311,0.12015613181069311,0.0,0.0,0.0,16.732259022159887
232,2035-12-01,16.63977505890612,15.296795081196501,20.057946687650364,14.087233851034314,18.93872916752705,1.1883525531477372,1.1883525531477372,1.1883525531477372,1.1883525531477372,1.1883525531477372,1.1883525531477372,0.0,0.0,0.0,17.82812761205386
233,2036-01-01,16.668369633081614,13.9491431316045,18.918562329926907,14.104174938787617,18.98072030114285,-0.11794385296732153,-0.11794385296732153,-0.11794385296732153,-0.11794385296732153,-0.11794385296732153,-0.11794385296732153,0.0,0.0,0.0,16.550425780114292
234,2036-02-01,16.696964207257103,13.807481371998325,18.725158235527683,14.121279522314806,19.022518117774244,-0.3112688306402503,-0.3112688306402503,-0.3112688306402503,-0.3112688306402503,-0.3112688306402503,-0.3112688306402503,0.0,0.0,0.0,16.38569537661685
235,2036-03-01,16.723713970195465,14.032589266414945,19.04241874664348,14.13614747148616,19.06154963180327,-0.02329995163742085,-0.02329995163742085,-0.02329995163742085,-0.02329995163742085,-0.02329995163742085,-0.02329995163742085,0.0,0.0,0.0,16.700414018558046
236,2036-04-01,16.752308544370955,13.896389355197247,19.04183962272072,14.134812378137976,19.110607681370894,-0.1060477958048369,-0.1060477958048369,-0.1060477958048369,-0.1060477958048369,-0.1060477958048369,-0.1060477958048369,0.0,0.0,0.0,16.646260748566117
237,2036-05-01,16.77998071292788,13.966928166999995,19.021122772609363,14.136265338689169,19.1670493324858,-0.16345379472959568,-0.16345379472959568,-0.16345379472959568,-0.16345379472959568,-0.16345379472959568,-0.16345379472959568,0.0,0.0,0.0,16.616526918198286
238,2036-06-01,16.808575287103373,14.076763659619822,19.220778144855753,14.14110041145762,19.224845466697353,0.0006014647220109671,0.0006014647220109671,0.0006014647220109671,0.0006014647220109671,0.0006014647220109671,0.0006014647220109671,0.0,0.0,0.0,16.809176751825383
239,2036-07-01,16.8362474556603,13.979753804343583,19.094975017369073,14.14946290011738,19.26324227812872,-0.14855449493159537,-0.14855449493159537,-0.14855449493159537,-0.14855449493159537,-0.14855449493159537,-0.14855449493159537,0.0,0.0,0.0,16.687692960728704
240,2036-08-01,16.86484202983579,14.238485517414638,19.361622845961143,14.14619372199779,19.293857968123067,0.07685558320804285,0.07685558320804285,0.07685558320804285,0.07685558320804285,0.07685558320804285,0.07685558320804285,0.0,0.0,0.0,16.941697613043832
241,2036-09-01,16.893436604011278,14.220438261229939,19.463088739459607,14.148269255241289,19.345327944325234,0.08588060911521546,0.08588060911521546,0.08588060911521546,0.08588060911521546,0.08588060911521546,0.08588060911521546,0.0,0.0,0.0,16.979317213126492
242,2036-10-01,16.921108772568203,14.025006129774878,19.28556831218409,14.151808554818826,19.39601453884274,-0.10043029587083303,-0.10043029587083303,-0.10043029587083303,-0.10043029587083303,-0.10043029587083303,-0.10043029587083303,0.0,0.0,0.0,16.82067847669737
243,2036-11-01,16.949703346743696,14.204337523461106,19.514163449114797,14.153383105344208,19.44843785211698,0.07732922043904074,0.07732922043904074,0.07732922043904074,0.07732922043904074,0.07732922043904074,0.07732922043904074,0.0,0.0,0.0,17.027032567182736
244,2036-12-01,16.977375515300622,15.047591724473763,20.43537971427703,14.154363709520089,19.509369954249344,0.9136177451276255,0.9136177451276255,0.9136177451276255,0.9136177451276255,0.9136177451276255,0.9136177451276255,0.0,0.0,0.0,17.890993260428246
245,2037-01-01,17.00597008947611,14.448783872258835,19.81995000168699,14.150103814821902,19.5602243569287,0.2695644638663274,0.2695644638663274,0.2695644638663274,0.2695644638663274,0.2695644638663274,0.2695644638663274,0.0,0.0,0.0,17.27553455334244
246,2037-02-01,17.0345646636516,13.615518243462704,18.973041276918565,14.149363671677525,19.615101930213946,-0.5630949406529338,-0.5630949406529338,-0.5630949406529338,-0.5630949406529338,-0.5630949406529338,-0.5630949406529338,0.0,0.0,0.0,16.471469722998666
247,2037-03-01,17.0603920209714,14.11287609208624,19.673675869110845,14.150604491524177,19.657037998942073,-0.00966793682269912,-0.00966793682269912,-0.00966793682269912,-0.00966793682269912,-0.00966793682269912,-0.00966793682269912,0.0,0.0,0.0,17.0507240841487
248,2037-04-01,17.08898659514689,13.973200273214628,19.5914414769812,14.153061044136717,19.707467447132828,-0.19009031459384648,-0.19009031459384648,-0.19009031459384648,-0.19009031459384648,-0.19009031459384648,-0.19009031459384648,0.0,0.0,0.0,16.898896280553043
249,2037-05-01,17.116658763703814,14.102460783138103,19.66829667556275,14.152632716943861,19.75205569937677,-0.09020023995233833,-0.09020023995233833,-0.09020023995233833,-0.09020023995233833,-0.09020023995233833,-0.09020023995233833,0.0,0.0,0.0,17.026458523751476
250,2037-06-01,17.145253337879307,14.048457488494055,19.706528207376298,14.152190112177909,19.807307950822665,-0.09186628953217219,-0.09186628953217219,-0.09186628953217219,-0.09186628953217219,-0.09186628953217219,-0.09186628953217219,0.0,0.0,0.0,17.053387048347133
251,2037-07-01,17.172925506436233,14.04992130334634,19.704499291261133,14.151867711646764,19.841743355317586,-0.11559458497001841,-0.11559458497001841,-0.11559458497001841,-0.11559458497001841,-0.11559458497001841,-0.11559458497001841,0.0,0.0,0.0,17.057330921466214
252,2037-08-01,17.201520080611722,14.34378284743798,20.166775589670586,14.155748671589595,19.884097392393738,0.22550762309257205,0.22550762309257205,0.22550762309257205,0.22550762309257205,0.22550762309257205,0.22550762309257205,0.0,0.0,0.0,17.427027703704294
253,2037-09-01,17.23011465478721,14.179891392997742,19.88969922694718,14.166521773366522,19.94714909045937,-0.044608040561054066,-0.044608040561054066,-0.044608040561054066,-0.044608040561054066,-0.044608040561054066,-0.044608040561054066,0.0,0.0,0.0,17.185506614226156
254,2037-10-01,17.25778682334414,14.103675593804672,19.874714248299522,14.177078259379366,20.003348681633934,-0.12809924198018954,-0.12809924198018954,-0.12809924198018954,-0.12809924198018954,-0.12809924198018954,-0.12809924198018954,0.0,0.0,0.0,17.12968758136395
255,2037-11-01,17.28638139751963,14.359804438883108,20.13854907863805,14.191881454224587,20.05046771574206,0.08978966207686753,0.08978966207686753,0.08978966207686753,0.08978966207686753,0.08978966207686753,0.08978966207686753,0.0,0.0,0.0,17.376171059596498
256,2037-12-01,17.314053566076556,15.08977246622311,21.13737902515548,14.207274049798785,20.095264877695875,1.007005532085978,1.007005532085978,1.007005532085978,1.007005532085978,1.007005532085978,1.007005532085978,0.0,0.0,0.0,18.321059098162532
257,2038-01-01,17.342648140252045,14.330506642726865,20.317316029186767,14.216696017777787,20.14155527838149,0.14043009738528348,0.14043009738528348,0.14043009738528348,0.14043009738528348,0.14043009738528348,0.14043009738528348,0.0,0.0,0.0,17.48307823763733
258,2038-02-01,17.371242714427538,13.758724480021419,19.624467107216162,14.216933450427824,20.189734195104872,-0.4808480311776921,-0.4808480311776921,-0.4808480311776921,-0.4808480311776921,-0.4808480311776921,-0.4808480311776921,0.0,0.0,0.0,16.890394683249845
259,2038-03-01,17.397070071747333,14.226369358832883,20.18870183343685,14.230744868065823,20.235304484001784,0.0020370774194259345,0.0020370774194259345,0.0020370774194259345,0.0020370774194259345,0.0020370774194259345,0.0020370774194259345,0.0,0.0,0.0,17.39910714916676
260,2038-04-01,17.425664645922826,13.966784312792765,19.959424567747476,14.237158922045602,20.28166807677911,-0.27391605848333966,-0.27391605848333966,-0.27391605848333966,-0.27391605848333966,-0.27391605848333966,-0.27391605848333966,0.0,0.0,0.0,17.151748587439485
261,2038-05-01,17.45333681447975,14.19311885272244,20.37864899052509,14.246501911384275,20.32866486874416,-0.01691773682093461,-0.01691773682093461,-0.01691773682093461,-0.01691773682093461,-0.01691773682093461,-0.01691773682093461,0.0,0.0,0.0,17.436419077658815
262,2038-06-01,17.48193138865524,14.160849094196314,20.14892179063026,14.256900786322793,20.383727995251302,-0.18411914136543264,-0.18411914136543264,-0.18411914136543264,-0.18411914136543264,-0.18411914136543264,-0.18411914136543264,0.0,0.0,0.0,17.29781224728981
263,2038-07-01,17.509603557212166,14.096387920072429,20.396473332730935,14.255632637489128,20.424854810329666,-0.08014019743062055,-0.08014019743062055,-0.08014019743062055,-0.08014019743062055,-0.08014019743062055,-0.08014019743062055,0.0,0.0,0.0,17.429463359781547
264,2038-08-01,17.538198131387656,14.582471204471725,20.86360850479124,14.247312113881389,20.474212412945636,0.3718546302639751,0.3718546302639751,0.3718546302639751,0.3718546302639751,0.3718546302639751,0.3718546302639751,0.0,0.0,0.0,17.91005276165163
265,2038-09-01,17.56679270556315,14.089145646164402,20.33979136399892,14.237950427116912,20.531612474760646,-0.1775783457507243,-0.1775783457507243,-0.1775783457507243,-0.1775783457507243,-0.1775783457507243,-0.1775783457507243,0.0,0.0,0.0,17.389214359812424
266,2038-10-01,17.594464874120074,14.067012814433644,20.35054442870264,14.230474191397402,20.585851024968488,-0.1539433724277834,-0.1539433724277834,-0.1539433724277834,-0.1539433724277834,-0.1539433724277834,-0.1539433724277834,0.0,0.0,0.0,17.44052150169229
267,2038-11-01,17.623059448295564,14.463162903682694,20.73297542817367,14.239395604729477,20.64776999293807,0.1040770649528374,0.1040770649528374,0.1040770649528374,0.1040770649528374,0.1040770649528374,0.1040770649528374,0.0,0.0,0.0,17.7271365132484
268,2038-12-01,17.65073161685249,15.3073685188217,21.79017755098232,14.255648204429061,20.696415713677492,1.0986097726263704,1.0986097726263704,1.0986097726263704,1.0986097726263704,1.0986097726263704,1.0986097726263704,0.0,0.0,0.0,18.74934138947886
269,2039-01-01,17.67932619102798,14.403589731582525,20.784843454341132,14.25959604986207,20.75395851471333,0.011225054036137801,0.011225054036137801,0.011225054036137801,0.011225054036137801,0.011225054036137801,0.011225054036137801,0.0,0.0,0.0,17.690551245064118
270,2039-02-01,17.707920765203472,13.861097102090543,20.312076122262322,14.279508535254118,20.81253159491087,-0.3968828939580567,-0.3968828939580567,-0.3968828939580567,-0.3968828939580567,-0.3968828939580567,-0.3968828939580567,0.0,0.0,0.0,17.311037871245414
271,2039-03-01,17.733748122523266,14.318870455572819,20.849143975003305,14.297494005930805,20.864993735163313,0.011803619999190376,0.011803619999190376,0.011803619999190376,0.011803619999190376,0.011803619999190376,0.011803619999190376,0.0,0.0,0.0,17.74555174252246
272,2039-04-01,17.76234269669876,13.928872646159405,20.50805565633804,14.29110093948595,20.92265277572308,-0.35744751999472624,-0.35744751999472624,-0.35744751999472624,-0.35744751999472624,-0.35744751999472624,-0.35744751999472624,0.0,0.0,0.0,17.404895176704034
273,2039-05-01,17.790014865255685,14.427397776676404,20.974322708804763,14.280805357764534,20.979316297856485,0.056356573716044994,0.056356573716044994,0.056356573716044994,0.056356573716044994,0.056356573716044994,0.056356573716044994,0.0,0.0,0.0,17.84637143897173
274,2039-06-01,17.818609439431174,14.106008863740799,20.60913972956131,14.270555511898799,21.03783101762168,-0.27607911484247305,-0.27607911484247305,-0.27607911484247305,-0.27607911484247305,-0.27607911484247305,-0.27607911484247305,0.0,0.0,0.0,17.5425303245887
275,2039-07-01,17.8462816079881,14.221468909581057,20.991249861381366,14.267794403525826,21.093732365598274,-0.042254522918778584,-0.042254522918778584,-0.042254522918778584,-0.042254522918778584,-0.042254522918778584,-0.042254522918778584,0.0,0.0,0.0,17.804027085069322
276,2039-08-01,17.874876182163593,14.824971238411523,21.669402386131928,14.28989368328306,21.15157430693018,0.5157551463385288,0.5157551463385288,0.5157551463385288,0.5157551463385288,0.5157551463385288,0.5157551463385288,0.0,0.0,0.0,18.39063132850212
277,2039-09-01,17.903470756339082,14.042857360829759,20.841973242532944,14.298476112715091,21.209303262847833,-0.3129058627741465,-0.3129058627741465,-0.3129058627741465,-0.3129058627741465,-0.3129058627741465,-0.3129058627741465,0.0,0.0,0.0,17.590564893564935
278,2039-10-01,17.931142924896008,14.111213980860684,20.969593584144278,14.309309748686697,21.257821090402146,-0.1779039952000626,-0.1779039952000626,-0.1779039952000626,-0.1779039952000626,-0.1779039952000626,-0.1779039952000626,0.0,0.0,0.0,17.753238929695947
279,2039-11-01,17.959737499071498,14.414693716520242,21.38175588549921,14.325461864574054,21.30615678677672,0.12015613180977665,0.12015613180977665,0.12015613180977665,0.12015613180977665,0.12015613180977665,0.12015613180977665,0.0,0.0,0.0,18.079893630881273
280,2039-12-01,17.987409667628423,15.490690186010294,22.49399529018929,14.341092944465046,21.350864581293884,1.1883525531493626,1.1883525531493626,1.1883525531493626,1.1883525531493626,1.1883525531493626,1.1883525531493626,0.0,0.0,0.0,19.175762220777784
281,2040-01-01,18.016004241803916,14.186975052182918,21.181118515031578,14.357175822720095,21.39264935941398,-0.1179438529689886,-0.1179438529689886,-0.1179438529689886,-0.1179438529689886,-0.1179438529689886,-0.1179438529689886,0.0,0.0,0.0,17.898060388834928
282,2040-02-01,18.044598815979406,13.999245395843984,21.143175051119314,14.374866568602867,21.433945057702932,-0.3112688306401739,-0.3112688306401739,-0.3112688306401739,-0.3112688306401739,-0.3112688306401739,-0.3112688306401739,0.0,0.0,0.0,17.733329985339232
283,2040-03-01,18.071348578917767,14.337044877242894,21.427566532209546,14.392641624081707,21.4842931921924,-0.023299951637366832,-0.023299951637366832,-0.023299951637366832,-0.023299951637366832,-0.023299951637366832,-0.023299951637366832,0.0,0.0,0.0,18.0480486272804
284,2040-04-01,18.099943153093257,14.332569505102562,21.436543669003235,14.412122208876454,21.524870121532064,-0.10604779580577242,-0.10604779580577242,-0.10604779580577242,-0.10604779580577242,-0.10604779580577242,-0.10604779580577242,0.0,0.0,0.0,17.993895357287485
285,2040-05-01,18.127615321650183,14.246166147137005,21.458537941227736,14.430811892919587,21.5635311005934,-0.16345379472812696,-0.16345379472812696,-0.16345379472812696,-0.16345379472812696,-0.16345379472812696,-0.16345379472812696,0.0,0.0,0.0,17.964161526922055
286,2040-06-01,18.156209895825675,14.364430676237435,21.631612766050676,14.442254634375136,21.601376479421308,0.0006014647207860394,0.0006014647207860394,0.0006014647207860394,0.0006014647207860394,0.0006014647207860394,0.0006014647207860394,0.0,0.0,0.0,18.156811360546463
287,2040-07-01,18.1838820643826,14.225598997783381,21.48028698358443,14.441517550556071,21.638850593850506,-0.14855449493012096,-0.14855449493012096,-0.14855449493012096,-0.14855449493012096,-0.14855449493012096,-0.14855449493012096,0.0,0.0,0.0,18.03532756945248
288,2040-08-01,18.21247663855809,14.387015633695713,21.76063791683566,14.455347263203274,21.687063207805526,0.07685558321026263,0.07685558321026263,0.07685558321026263,0.07685558321026263,0.07685558321026263,0.07685558321026263,0.0,0.0,0.0,18.289332221768355
289,2040-09-01,18.24107121273358,14.484698062587155,21.835294727856375,14.470533535512521,21.7300362083056,0.0858806091126588,0.0858806091126588,0.0858806091126588,0.0858806091126588,0.0858806091126588,0.0858806091126588,0.0,0.0,0.0,18.32695182184624
290,2040-10-01,18.268743381290506,14.30083692156078,21.67909273138039,14.467056659030485,21.78407670793491,-0.10043029587052169,-0.10043029587052169,-0.10043029587052169,-0.10043029587052169,-0.10043029587052169,-0.10043029587052169,0.0,0.0,0.0,18.168313085419985
291,2040-11-01,18.297337955466,14.508138200878115,21.964576407031586,14.46346388666571,21.838703231498414,0.07732922043749935,0.07732922043749935,0.07732922043749935,0.07732922043749935,0.07732922043749935,0.07732922043749935,0.0,0.0,0.0,18.374667175903497
292,2040-12-01,18.325010124022924,15.334406849571558,22.90326842091167,14.459987010183672,21.88869892247964,0.9136177451284576,0.9136177451284576,0.9136177451284576,0.9136177451284576,0.9136177451284576,0.9136177451284576,0.0,0.0,0.0,19.238627869151383
293,2041-01-01,18.353604698198414,14.588744122003416,22.310548774541036,14.4563942378189,21.940316070745833,0.2695644638646891,0.2695644638646891,0.2695644638646891,0.2695644638646891,0.2695644638646891,0.2695644638646891,0.0,0.0,0.0,18.623169162063103
294,2041-02-01,18.382199272373903,13.82224598371202,21.45978516368873,14.452817730736696,21.99149165823037,-0.5630949406524821,-0.5630949406524821,-0.5630949406524821,-0.5630949406524821,-0.5630949406524821,-0.5630949406524821,0.0,0.0,0.0,17.81910433172142
295,2041-03-01,18.4080266296937,14.467696237939467,22.072610361246838,14.449592122208417,22.03516484515487,-0.009667936821988568,-0.009667936821988568,-0.009667936821988568,-0.009667936821988568,-0.009667936821988568,-0.009667936821988568,0.0,0.0,0.0,18.398358692871714
296,2041-04-01,18.43662120386919,14.300024423206574,21.902541652375227,14.446646102057896,22.082563930023266,-0.19009031459407477,-0.19009031459407477,-0.19009031459407477,-0.19009031459407477,-0.19009031459407477,-0.19009031459407477,0.0,0.0,0.0,18.246530889275117
297,2041-05-01,18.464293372426116,14.275485892405836,22.055233994418508,14.44459652299229,22.12704905052147,-0.0902002399499274,-0.0902002399499274,-0.0902002399499274,-0.0902002399499274,-0.0902002399499274,-0.0902002399499274,0.0,0.0,0.0,18.37409313247619
298,2041-06-01,18.49288794660161,14.356032888076523,22.02729439515086,14.440848451713245,22.172819606586724,-0.09186628953292027,-0.09186628953292027,-0.09186628953292027,-0.09186628953292027,-0.09186628953292027,-0.09186628953292027,0.0,0.0,0.0,18.40102165706869
