,ds,merged,forecast,Quarter,Year,capital,EPS_ratio,EPS_forecast
0,1997-06-01,20.3,actual,Q2,1997,1242.0,0.1505,0.024598631239935585
1,1997-07-01,20.02,actual,Q3,1997,1242.0,0.2029,0.03270578099838969
2,1997-08-01,21.21,actual,Q3,1997,1242.0,0.2029,0.034649830917874394
3,1997-09-01,21.61,actual,Q3,1997,1242.0,0.2029,0.035303293075684375
4,1997-10-01,22.47,actual,Q4,1997,1242.0,0.2472,0.044722898550724643
5,1997-11-01,23.31,actual,Q4,1997,1242.0,0.2472,0.04639478260869565
6,1997-12-01,21.47,actual,Q4,1997,1242.0,0.2472,0.042732560386473425
7,1998-01-01,18.77,actual,Q1,1998,1242.0,0.0521999999999999,0.00788884057971013
8,1998-02-01,16.53,actual,Q1,1998,1242.0,0.0521999999999999,0.006947391304347812
9,1998-03-01,16.7,actual,Q1,1998,1242.0,0.0521999999999999,0.007018840579710132
10,1998-04-01,15.74,actual,Q2,1998,1242.0,0.1505,0.019073027375201286
11,1998-05-01,12.16,actual,Q2,1998,1242.0,0.1505,0.014734943639291464
12,1998-06-01,12.09,actual,Q2,1998,1242.0,0.1505,0.01465012077294686
13,1998-07-01,11.03,actual,Q3,1998,1242.0,0.2029,0.018019219001610305
14,1998-08-01,14.16,actual,Q3,1998,1242.0,0.2029,0.023132560386473426
15,1998-09-01,15.69,actual,Q3,1998,1242.0,0.2029,0.025632053140096613
16,1998-10-01,16.26,actual,Q4,1998,1242.0,0.2472,0.03236289855072464
17,1998-11-01,17.76,actual,Q4,1998,1242.0,0.2472,0.035348405797101454
18,1998-12-01,17.57,actual,Q4,1998,1242.0,0.2472,0.03497024154589372
19,1999-01-01,22.22,actual,Q1,1999,1242.0,0.0521999999999999,0.009338840579710126
20,1999-02-01,21.02,actual,Q1,1999,1242.0,0.0521999999999999,0.008834492753623172
21,1999-03-01,21.76,actual,Q1,1999,1242.0,0.0521999999999999,0.009145507246376796
22,1999-04-01,24.83,actual,Q2,1999,1242.0,0.1505,0.030087882447665054
23,1999-05-01,22.61,actual,Q2,1999,1242.0,0.1505,0.027397785829307568
24,1999-06-01,23.61,actual,Q2,1999,1242.0,0.1505,0.028609541062801933
25,1999-07-01,23.56,actual,Q3,1999,1242.0,0.2029,0.038488921095008045
26,1999-08-01,25.19,actual,Q3,1999,1242.0,0.2029,0.04115177938808373
27,1999-09-01,22.17,actual,Q3,1999,1242.0,0.2029,0.03621814009661836
28,1999-10-01,28.76,actual,Q4,1999,1242.0,0.2472,0.057242125603864734
29,1999-11-01,29.55,actual,Q4,1999,1242.0,0.2472,0.05881449275362319
30,1999-12-01,26.19,actual,Q4,1999,1242.0,0.2472,0.05212695652173914
31,2000-01-01,60.86,actual,Q1,2000,1242.0,0.0521999999999999,0.025578840579710094
32,2000-02-01,63.3,actual,Q1,2000,1242.0,0.0521999999999999,0.0266043478260869
33,2000-03-01,68.98,actual,Q1,2000,1242.0,0.0521999999999999,0.0289915942028985
34,2000-04-01,73.71,actual,Q2,2000,1242.0,0.1505,0.08931847826086955
35,2000-05-01,82.54,actual,Q2,2000,1242.0,0.1505,0.1000182769726248
36,2000-06-01,88.16,actual,Q2,2000,1242.0,0.1505,0.1068283413848631
37,2000-07-01,93.26,actual,Q3,2000,1242.0,0.2029,0.15235470209339774
38,2000-08-01,98.32,actual,Q3,2000,1242.0,0.2029,0.16062099838969404
39,2000-09-01,103.2,actual,Q3,2000,1242.0,0.2029,0.16859323671497586
40,2000-10-01,107.1,actual,Q4,2000,1242.0,0.2472,0.21316521739130434
41,2000-11-01,108.7,actual,Q4,2000,1242.0,0.2472,0.21634975845410628
42,2000-12-01,102.7,actual,Q4,2000,1242.0,0.2472,0.20440772946859906
43,2001-01-01,95.02,actual,Q1,2001,1242.0,0.0521999999999999,0.03993594202898543
44,2001-02-01,75.05,actual,Q1,2001,1242.0,0.0521999999999999,0.03154275362318834
45,2001-03-01,65.86,actual,Q1,2001,1242.0,0.0521999999999999,0.02768028985507241
46,2001-04-01,58.18,actual,Q2,2001,1242.0,0.1505,0.07049991948470209
47,2001-05-01,49.5,actual,Q2,2001,1242.0,0.1505,0.059981884057971016
48,2001-06-01,42.36,actual,Q2,2001,1242.0,0.1505,0.05132995169082125
49,2001-07-01,38.73,actual,Q3,2001,1242.0,0.2029,0.06327147342995168
50,2001-08-01,39.01,actual,Q3,2001,1242.0,0.2029,0.06372889694041868
51,2001-09-01,41.82,actual,Q3,2001,1242.0,0.2029,0.06831946859903382
52,2001-10-01,47.22,actual,Q4,2001,1242.0,0.2472,0.09398376811594203
53,2001-11-01,48.07,actual,Q4,2001,1242.0,0.2472,0.09567555555555554
54,2001-12-01,44.13,actual,Q4,2001,1242.0,0.2472,0.0878336231884058
55,2002-01-01,40.09,actual,Q1,2002,1242.0,0.0521999999999999,0.01684942028985504
56,2002-02-01,36.01,actual,Q1,2002,1242.0,0.0521999999999999,0.015134637681159392
57,2002-03-01,45.48,actual,Q1,2002,1242.0,0.0521999999999999,0.01911478260869561
58,2002-04-01,52.39,actual,Q2,2002,1242.0,0.1505,0.06348385668276972
59,2002-05-01,66.3,actual,Q2,2002,1242.0,0.1505,0.08033937198067634
60,2002-06-01,67.11,actual,Q2,2002,1242.0,0.1505,0.08132089371980676
61,2002-07-01,67.25,actual,Q3,2002,1242.0,0.2029,0.10986332528180355
62,2002-08-01,64.13,actual,Q3,2002,1242.0,0.2029,0.10476632045088566
63,2002-09-01,60.15,actual,Q3,2002,1242.0,0.2029,0.09826437198067632
64,2002-10-01,60.28,actual,Q4,2002,1242.0,0.2472,0.11997758454106279
65,2002-11-01,60.03,actual,Q4,2002,1242.0,0.2472,0.11948
66,2002-12-01,55.03,actual,Q4,2002,1242.0,0.2472,0.10952830917874397
67,2003-01-01,54.04,actual,Q1,2003,1242.0,0.0521999999999999,0.0227124637681159
68,2003-02-01,54.38,actual,Q1,2003,1242.0,0.0521999999999999,0.02285536231884054
69,2003-03-01,70.57,actual,Q1,2003,1242.0,0.0521999999999999,0.029659855072463708
70,2003-04-01,73.21,actual,Q2,2003,1242.0,0.1505,0.08871260064412237
71,2003-05-01,73.57,actual,Q2,2003,1242.0,0.1505,0.08914883252818034
72,2003-06-01,70.28,actual,Q2,2003,1242.0,0.1505,0.0851621578099839
73,2003-07-01,70.11,actual,Q3,2003,1242.0,0.2029,0.11453557971014493
74,2003-08-01,70.06,actual,Q3,2003,1242.0,0.2029,0.11445389694041869
75,2003-09-01,75.21,actual,Q3,2003,1242.0,0.2029,0.12286722222222221
76,2003-10-01,76.65,actual,Q4,2003,1242.0,0.2472,0.15255942028985509
77,2003-11-01,77.02,actual,Q4,2003,1242.0,0.2472,0.15329584541062802
78,2003-12-01,83.52,actual,Q4,2003,1242.0,0.2472,0.16623304347826084
79,2004-01-01,82.91,actual,Q1,2004,1242.0,0.0521999999999999,0.034846231884057895
80,2004-02-01,80.28,actual,Q1,2004,1242.0,0.0521999999999999,0.03374086956521733
81,2004-03-01,90.07,actual,Q1,2004,1242.0,0.0521999999999999,0.037855507246376735
82,2004-04-01,92.09,actual,Q2,2004,1242.0,0.1505,0.11159053945249597
83,2004-05-01,96.53,actual,Q2,2004,1242.0,0.1505,0.11697073268921096
84,2004-06-01,103.2,actual,Q2,2004,1242.0,0.1505,0.12505314009661836
85,2004-07-01,112.0,actual,Q3,2004,1242.0,0.2029,0.18296940418679547
86,2004-08-01,115.1,actual,Q3,2004,1242.0,0.2029,0.18803373590982286
87,2004-09-01,118.6,actual,Q3,2004,1242.0,0.2029,0.19375152979066024
88,2004-10-01,100.6,actual,Q4,2004,1242.0,0.2472,0.20022801932367149
89,2004-11-01,92.81,actual,Q4,2004,1242.0,0.2472,0.18472328502415458
90,2004-12-01,88.84,actual,Q4,2004,1242.0,0.2472,0.17682164251207733
91,2005-01-01,71.38,actual,Q1,2005,1242.0,0.0521999999999999,0.030000289855072405
92,2005-02-01,61.39,actual,Q1,2005,1242.0,0.0521999999999999,0.0258015942028985
93,2005-03-01,70.08,actual,Q1,2005,1242.0,0.0521999999999999,0.029453913043478202
94,2005-04-01,63.67,actual,Q2,2005,1242.0,0.1505,0.07715245571658616
95,2005-05-01,64.68,actual,Q2,2005,1242.0,0.1505,0.07837632850241547
96,2005-06-01,66.07,actual,Q2,2005,1242.0,0.1505,0.08006066827697263
97,2005-07-01,70.65,actual,Q3,2005,1242.0,0.2029,0.11541775362318843
98,2005-08-01,80.11,actual,Q3,2005,1242.0,0.2029,0.13087213365539452
99,2005-09-01,85.03,actual,Q3,2005,1242.0,0.2029,0.1389097181964573
100,2005-10-01,90.38,actual,Q4,2005,1242.0,0.2472,0.17988676328502415
101,2005-11-01,94.12,actual,Q4,2005,1242.0,0.2472,0.1873306280193237
102,2005-12-01,90.18,actual,Q4,2005,1242.0,0.2472,0.17948869565217393
103,2006-01-01,84.07,actual,Q1,2006,1242.0,0.0521999999999999,0.03533376811594196
104,2006-02-01,75.21,actual,Q1,2006,1242.0,0.0521999999999999,0.03160999999999994
105,2006-03-01,84.56,actual,Q1,2006,1242.0,0.0521999999999999,0.03553971014492747
106,2006-04-01,84.63,actual,Q2,2006,1242.0,0.1505,0.102550845410628
107,2006-05-01,85.04,actual,Q2,2006,1242.0,0.1505,0.1030476650563607
108,2006-06-01,87.84,actual,Q2,2006,1242.0,0.1505,0.10644057971014492
109,2006-07-01,92.02,actual,Q3,2006,1242.0,0.2029,0.1503289694041868
110,2006-08-01,94.16,actual,Q3,2006,1242.0,0.2029,0.15382499194847019
111,2006-09-01,92.34,actual,Q3,2006,1242.0,0.2029,0.1508517391304348
112,2006-10-01,90.5,actual,Q4,2006,1242.0,0.2472,0.1801256038647343
113,2006-11-01,86.9,actual,Q4,2006,1242.0,0.2472,0.17296038647342996
114,2006-12-01,83.72,actual,Q4,2006,1242.0,0.2472,0.16663111111111112
115,2007-01-01,82.37,actual,Q1,2007,1242.0,0.0521999999999999,0.03461927536231878
116,2007-02-01,72.39,actual,Q1,2007,1242.0,0.0521999999999999,0.030424782608695595
117,2007-03-01,75.49,actual,Q1,2007,1242.0,0.0521999999999999,0.03172768115942022
118,2007-04-01,81.31,actual,Q2,2007,1242.0,0.1505,0.09852781803542673
119,2007-05-01,82.2,actual,Q2,2007,1242.0,0.1505,0.09960628019323672
120,2007-06-01,87.45,actual,Q2,2007,1242.0,0.1505,0.10596799516908213
121,2007-07-01,100.5,actual,Q3,2007,1242.0,0.2029,0.16418236714975845
122,2007-08-01,104.3,actual,Q3,2007,1242.0,0.2029,0.1703902576489533
123,2007-09-01,105.4,actual,Q3,2007,1242.0,0.2029,0.17218727858293076
124,2007-10-01,101.3,actual,Q4,2007,1242.0,0.2472,0.20162125603864736
125,2007-11-01,90.29,actual,Q4,2007,1242.0,0.2472,0.17970763285024158
126,2007-12-01,84.64,actual,Q4,2007,1242.0,0.2472,0.1684622222222222
127,2008-01-01,82.16,actual,Q1,2008,1242.0,0.0521999999999999,0.03453101449275356
128,2008-02-01,72.89,actual,Q1,2008,1242.0,0.0521999999999999,0.030634927536231826
129,2008-03-01,84.98,actual,Q1,2008,1242.0,0.0521999999999999,0.03571623188405791
130,2008-04-01,85.21,actual,Q2,2008,1242.0,0.1505,0.10325366344605474
131,2008-05-01,86.07,actual,Q2,2008,1242.0,0.1505,0.1042957729468599
132,2008-06-01,81.05,actual,Q2,2008,1242.0,0.1505,0.0982127616747182
133,2008-07-01,85.37,actual,Q3,2008,1242.0,0.2029,0.13946516103059584
134,2008-08-01,81.65,actual,Q3,2008,1242.0,0.2029,0.13338796296296296
135,2008-09-01,80.52,actual,Q3,2008,1242.0,0.2029,0.13154193236714976
136,2008-10-01,79.07,actual,Q4,2008,1242.0,0.2472,0.157376038647343
137,2008-11-01,60.25,actual,Q4,2008,1242.0,0.2472,0.11991787439613527
138,2008-12-01,46.1,actual,Q4,2008,1242.0,0.2472,0.09175458937198068
139,2009-01-01,31.53,actual,Q1,2009,1242.0,0.0521999999999999,0.013251739130434757
140,2009-02-01,31.44,actual,Q1,2009,1242.0,0.0521999999999999,0.013213913043478236
141,2009-03-01,45.41,actual,Q1,2009,1242.0,0.0521999999999999,0.019085362318840542
142,2009-04-01,68.77,actual,Q2,2009,1242.0,0.1505,0.0833324074074074
143,2009-05-01,75.14,actual,Q2,2009,1242.0,0.1505,0.0910512882447665
144,2009-06-01,82.36,actual,Q2,2009,1242.0,0.1505,0.09980016103059582
145,2009-07-01,88.1,actual,Q3,2009,1242.0,0.2029,0.14392504025764893
146,2009-08-01,90.62,actual,Q3,2009,1242.0,0.2029,0.14804185185185187
147,2009-09-01,95.35,actual,Q3,2009,1242.0,0.2029,0.15576904186795493
148,2009-10-01,92.97,actual,Q4,2009,1242.0,0.2472,0.1850417391304348
149,2009-11-01,91.56,actual,Q4,2009,1242.0,0.2472,0.18223536231884058
150,2009-12-01,92.93,actual,Q4,2009,1242.0,0.2472,0.18496212560386474
151,2010-01-01,86.0,actual,Q1,2010,1242.0,0.0521999999999999,0.036144927536231816
152,2010-02-01,86.35,actual,Q1,2010,1242.0,0.0521999999999999,0.03629202898550717
153,2010-03-01,94.8,actual,Q1,2010,1242.0,0.0521999999999999,0.03984347826086949
154,2010-04-01,93.19,actual,Q2,2010,1242.0,0.1505,0.11292347020933977
155,2010-05-01,100.9,actual,Q2,2010,1242.0,0.1505,0.12226610305958133
156,2010-06-01,103.4,actual,Q2,2010,1242.0,0.1505,0.12529549114331723
157,2010-07-01,108.2,actual,Q3,2010,1242.0,0.2029,0.17676151368760065
158,2010-08-01,108.9,actual,Q3,2010,1242.0,0.2029,0.17790507246376813
159,2010-09-01,109.4,actual,Q3,2010,1242.0,0.2029,0.1787219001610306
160,2010-10-01,107.0,actual,Q4,2010,1242.0,0.2472,0.21296618357487923
161,2010-11-01,104.4,actual,Q4,2010,1242.0,0.2472,0.20779130434782608
162,2010-12-01,101.8,actual,Q4,2010,1242.0,0.2472,0.20261642512077294
163,2011-01-01,95.25,actual,Q1,2011,1242.0,0.0521999999999999,0.040032608695652096
164,2011-02-01,90.08,actual,Q1,2011,1242.0,0.0521999999999999,0.037859710144927464
165,2011-03-01,95.85,actual,Q1,2011,1242.0,0.0521999999999999,0.04028478260869557
166,2011-04-01,95.64,actual,Q2,2011,1242.0,0.1505,0.11589227053140097
167,2011-05-01,94.0,actual,Q2,2011,1242.0,0.1505,0.1139049919484702
168,2011-06-01,91.86,actual,Q2,2011,1242.0,0.1505,0.11131183574879228
169,2011-07-01,88.09,actual,Q3,2011,1242.0,0.2029,0.1439087037037037
170,2011-08-01,82.01,actual,Q3,2011,1242.0,0.2029,0.13397607890499197
171,2011-09-01,81.77,actual,Q3,2011,1242.0,0.2029,0.13358400161030595
172,2011-10-01,82.55,actual,Q4,2011,1242.0,0.2472,0.1643024154589372
173,2011-11-01,80.65,actual,Q4,2011,1242.0,0.2472,0.16052077294685993
174,2011-12-01,81.05,actual,Q4,2011,1242.0,0.2472,0.1613169082125604
175,2012-01-01,80.51,actual,Q1,2012,1242.0,0.0521999999999999,0.03383753623188399
176,2012-02-01,75.23,actual,Q1,2012,1242.0,0.0521999999999999,0.03161840579710139
177,2012-03-01,81.91,actual,Q1,2012,1242.0,0.0521999999999999,0.03442594202898544
178,2012-04-01,91.25,actual,Q2,2012,1242.0,0.1505,0.11057266505636071
179,2012-05-01,92.06,actual,Q2,2012,1242.0,0.1505,0.11155418679549113
180,2012-06-01,92.89,actual,Q2,2012,1242.0,0.1505,0.11255994363929145
181,2012-07-01,96.13,actual,Q3,2012,1242.0,0.2029,0.15704329307568435
182,2012-08-01,97.99,actual,Q3,2012,1242.0,0.2029,0.1600818921095008
183,2012-09-01,91.13,actual,Q3,2012,1242.0,0.2029,0.1488750161030596
184,2012-10-01,92.81,actual,Q4,2012,1242.0,0.2472,0.18472328502415458
185,2012-11-01,90.1,actual,Q4,2012,1242.0,0.2472,0.17932946859903381
186,2012-12-01,77.97,actual,Q4,2012,1242.0,0.2472,0.15518666666666664
187,2013-01-01,94.52,actual,Q1,2013,1242.0,0.0521999999999999,0.039725797101449196
188,2013-02-01,87.31,actual,Q1,2013,1242.0,0.0521999999999999,0.03669550724637674
189,2013-03-01,95.99,actual,Q1,2013,1242.0,0.0521999999999999,0.04034362318840572
190,2013-04-01,102.8,actual,Q2,2013,1242.0,0.1505,0.12456843800322061
191,2013-05-01,108.6,actual,Q2,2013,1242.0,0.1505,0.1315966183574879
192,2013-06-01,107.6,actual,Q2,2013,1242.0,0.1505,0.13038486312399356
193,2013-07-01,115.6,actual,Q3,2013,1242.0,0.2029,0.18885056360708533
194,2013-08-01,110.0,actual,Q3,2013,1242.0,0.2029,0.17970209339774557
195,2013-09-01,108.5,actual,Q3,2013,1242.0,0.2029,0.17725161030595815
196,2013-10-01,104.7,actual,Q4,2013,1242.0,0.2472,0.20838840579710144
197,2013-11-01,103.5,actual,Q4,2013,1242.0,0.2472,0.20600000000000002
198,2013-12-01,99.05,actual,Q4,2013,1242.0,0.2472,0.19714299516908212
199,2014-01-01,100.6,actual,Q1,2014,1242.0,0.0521999999999999,0.042281159420289774
200,2014-02-01,103.4,actual,Q1,2014,1242.0,0.0521999999999999,0.043457971014492676
201,2014-03-01,112.9,actual,Q1,2014,1242.0,0.0521999999999999,0.04745072463768107
202,2014-04-01,115.3,actual,Q2,2014,1242.0,0.1505,0.13971537842190015
203,2014-05-01,119.3,actual,Q2,2014,1242.0,0.1505,0.14456239935587759
204,2014-06-01,124.1,actual,Q2,2014,1242.0,0.1505,0.15037882447665055
205,2014-07-01,115.4,actual,Q3,2014,1242.0,0.2029,0.1885238325281804
206,2014-08-01,114.2,actual,Q3,2014,1242.0,0.2029,0.1865634460547504
207,2014-09-01,122.6,actual,Q3,2014,1242.0,0.2029,0.20028615136876005
208,2014-10-01,135.0,actual,Q4,2014,1242.0,0.2472,0.26869565217391306
209,2014-11-01,115.4,actual,Q4,2014,1242.0,0.2472,0.2296850241545894
210,2014-12-01,122.0,actual,Q4,2014,1242.0,0.2472,0.24282125603864735
211,2015-01-01,128.8,actual,Q1,2015,1242.0,0.0521999999999999,0.05413333333333324
212,2015-02-01,120.6,actual,Q1,2015,1242.0,0.0521999999999999,0.05068695652173903
213,2015-03-01,127.1,actual,Q1,2015,1242.0,0.0521999999999999,0.05341884057971004
214,2015-04-01,130.2,actual,Q2,2015,1242.0,0.1505,0.15777053140096617
215,2015-05-01,129.3,actual,Q2,2015,1242.0,0.1505,0.15667995169082125
216,2015-06-01,120.6,actual,Q2,2015,1242.0,0.1505,0.14613768115942027
217,2015-07-01,127.0,actual,Q3,2015,1242.0,0.2029,0.2074742351046699
218,2015-08-01,121.9,actual,Q3,2015,1242.0,0.2029,0.1991425925925926
219,2015-09-01,104.3,actual,Q3,2015,1242.0,0.2029,0.1703902576489533
220,2015-10-01,120.6,actual,Q4,2015,1242.0,0.2472,0.24003478260869565
221,2015-11-01,111.2,actual,Q4,2015,1242.0,0.2472,0.2213256038647343
222,2015-12-01,106.7,actual,Q4,2015,1242.0,0.2472,0.21236908212560388
223,2016-01-01,120.1,actual,Q1,2016,1242.0,0.0521999999999999,0.0504768115942028
224,2016-02-01,94.78,actual,Q1,2016,1242.0,0.0521999999999999,0.039835072463768044
225,2016-03-01,129.2,actual,Q1,2016,1242.0,0.0521999999999999,0.05430144927536221
226,2016-04-01,107.6,actual,Q2,2016,1242.0,0.1505,0.13038486312399356
227,2016-05-01,127.1,actual,Q2,2016,1242.0,0.1505,0.15401409017713363
228,2016-06-01,135.3,actual,Q2,2016,1242.0,0.1505,0.16395048309178745
229,2016-07-01,125.0,actual,Q3,2016,1242.0,0.2029,0.20420692431562
230,2016-08-01,129.3,actual,Q3,2016,1242.0,0.2029,0.21123164251207732
231,2016-09-01,127.4,actual,Q3,2016,1242.0,0.2029,0.20812769726247987
232,2016-10-01,128.3,actual,Q4,2016,1242.0,0.2472,0.25536038647343
233,2016-11-01,129.1,actual,Q4,2016,1242.0,0.2472,0.2569526570048309
234,2016-12-01,125.6,actual,Q4,2016,1242.0,0.2472,0.2499864734299517
235,2017-01-01,126.5,actual,Q1,2017,1242.0,0.0521999999999999,0.053166666666666564
236,2017-02-01,120.1,actual,Q1,2017,1242.0,0.0521999999999999,0.0504768115942028
237,2017-03-01,127.5,actual,Q1,2017,1242.0,0.0521999999999999,0.053586956521739025
238,2017-04-01,119.3,actual,Q2,2017,1242.0,0.1505,0.14456239935587759
239,2017-05-01,125.1,actual,Q2,2017,1242.0,0.1505,0.15159057971014492
240,2017-06-01,131.0,actual,Q2,2017,1242.0,0.1505,0.15873993558776167
241,2017-07-01,127.9,actual,Q3,2017,1242.0,0.2029,0.20894452495974236
242,2017-08-01,130.5,actual,Q3,2017,1242.0,0.2029,0.2131920289855072
243,2017-09-01,118.7,actual,Q3,2017,1242.0,0.2029,0.19391489533011272
244,2017-10-01,138.1,actual,Q4,2017,1242.0,0.2472,0.2748657004830918
245,2017-11-01,121.5,actual,Q4,2017,1242.0,0.2472,0.24182608695652175
246,2017-12-01,106.7,actual,Q4,2017,1242.0,0.2472,0.21236908212560388
247,2018-01-01,131.8,actual,Q1,2018,1242.0,0.0521999999999999,0.055394202898550626
248,2018-02-01,119.1,actual,Q1,2018,1242.0,0.0521999999999999,0.05005652173913033
249,2018-03-01,124.1,actual,Q1,2018,1242.0,0.0521999999999999,0.052157971014492654
250,2018-04-01,124.1,actual,Q2,2018,1242.0,0.1505,0.15037882447665055
251,2018-05-01,130.8,actual,Q2,2018,1242.0,0.1505,0.15849758454106283
252,2018-06-01,133.6,actual,Q2,2018,1242.0,0.1505,0.161890499194847
253,2018-07-01,143.5,actual,Q3,2018,1242.0,0.2029,0.23442954911433173
254,2018-08-01,131.8,actual,Q3,2018,1242.0,0.2029,0.21531578099838972
255,2018-09-01,118.6,actual,Q3,2018,1242.0,0.2029,0.19375152979066024
256,2018-10-01,125.8,actual,Q4,2018,1242.0,0.2472,0.25038454106280195
257,2018-11-01,115.5,actual,Q4,2018,1242.0,0.2472,0.22988405797101452
258,2018-12-01,113.9,actual,Q4,2018,1242.0,0.2472,0.22669951690821258
259,2019-01-01,118.0,actual,Q1,2019,1242.0,0.0521999999999999,0.04959420289855063
260,2019-02-01,104.6,actual,Q1,2019,1242.0,0.0521999999999999,0.04396231884057963
261,2019-03-01,103.3,actual,Q1,2019,1242.0,0.0521999999999999,0.043415942028985424
262,2019-04-01,120.8,actual,Q2,2019,1242.0,0.1505,0.14638003220611917
263,2019-05-01,122.4,actual,Q2,2019,1242.0,0.1505,0.14831884057971012
264,2019-06-01,117.1,actual,Q2,2019,1242.0,0.1505,0.14189653784219
265,2019-07-01,137.3,actual,Q3,2019,1242.0,0.2029,0.22430088566827697
266,2019-08-01,131.8,actual,Q3,2019,1242.0,0.2029,0.21531578099838972
267,2019-09-01,108.3,actual,Q3,2019,1242.0,0.2029,0.1769248792270531
268,2019-10-01,145.9,actual,Q4,2019,1242.0,0.2472,0.2903903381642512
269,2019-11-01,138.9,actual,Q4,2019,1242.0,0.2472,0.27645797101449276
270,2019-12-01,133.7,actual,Q4,2019,1242.0,0.2472,0.2661082125603864
271,2020-01-01,140.9,actual,Q1,2020,1242.0,0.0521999999999999,0.05921884057971004
272,2020-02-01,136.1,actual,Q1,2020,1242.0,0.0521999999999999,0.05720144927536221
273,2020-03-01,145.7,actual,Q1,2020,1242.0,0.0521999999999999,0.06123623188405785
274,2020-04-01,150.6,actual,Q2,2020,1242.0,0.1505,0.1824903381642512
275,2020-05-01,147.5,actual,Q2,2020,1242.0,0.1505,0.1787338969404187
276,2020-06-01,145.8,actual,Q2,2020,1242.0,0.1505,0.17667391304347826
277,2020-07-01,154.9,actual,Q3,2020,1242.0,0.2029,0.25305322061191626
278,2020-08-01,148.4,actual,Q3,2020,1242.0,0.2029,0.24243446054750403
279,2020-09-01,145.3,actual,Q3,2020,1242.0,0.2029,0.23737012882447667
280,2020-10-01,152.8,actual,Q4,2020,1242.0,0.2472,0.30412367149758457
281,2020-11-01,147.3,actual,Q4,2020,1242.0,0.2472,0.29317681159420295
282,2020-12-01,152.9,actual,Q4,2020,1242.0,0.2472,0.3043227053140097
283,2021-01-01,155.3,actual,Q1,2021,1242.0,0.0521999999999999,0.0652710144927535
284,2021-02-01,149.5,actual,Q1,2021,1242.0,0.0521999999999999,0.0628333333333332
285,2021-03-01,159.13538907121278,forecast,Q1,2021,1242.0,0.0521999999999999,0.06688298960964001
286,2021-04-01,161.63336451403,forecast,Q2,2021,1242.0,0.1505,0.19586007535717806
287,2021-05-01,164.87058356891993,forecast,Q2,2021,1242.0,0.1505,0.19978279248890862
288,2021-06-01,168.6463375016221,forecast,Q2,2021,1242.0,0.1505,0.2043580820772474
289,2021-07-01,173.7675118055495,forecast,Q3,2021,1242.0,0.2029,0.28387623305431553
290,2021-08-01,172.29122924427543,forecast,Q3,2021,1242.0,0.2029,0.28146449608424706
291,2021-09-01,164.06585365510995,forecast,Q3,2021,1242.0,0.2029,0.26802706688101297
292,2021-10-01,177.90968924690677,forecast,Q4,2021,1242.0,0.2472,0.35410044429819126
293,2021-11-01,171.6676388160926,forecast,Q4,2021,1242.0,0.2472,0.3416766531025611
294,2021-12-01,169.03200072985285,forecast,Q4,2021,1242.0,0.2472,0.3364308420323642
295,2022-01-01,177.75522977294824,forecast,Q1,2022,1242.0,0.0521999999999999,0.07470871975964477
296,2022-02-01,170.1848095999589,forecast,Q1,2022,1242.0,0.0521999999999999,0.07152694896230144
297,2022-03-01,174.89474229422532,forecast,Q1,2022,1242.0,0.0521999999999999,0.07350648589177572
298,2022-04-01,182.17186577827616,forecast,Q2,2022,1242.0,0.1505,0.22074771175225893
299,2022-05-01,186.9152294731145,forecast,Q2,2022,1242.0,0.1505,0.22649550753384645
300,2022-06-01,187.30798678833168,forecast,Q2,2022,1242.0,0.1505,0.22697143326605407
301,2022-07-01,198.2347585330039,forecast,Q3,2022,1242.0,0.2029,0.3238472826597946
302,2022-08-01,193.38635025365045,forecast,Q3,2022,1242.0,0.2029,0.3159266543193694
303,2022-09-01,178.00917584403447,forecast,Q3,2022,1242.0,0.2029,0.2908056503925491
304,2022-10-01,200.4102490680481,forecast,Q4,2022,1242.0,0.2472,0.39888416722722614
305,2022-11-01,192.67082521157988,forecast,Q4,2022,1242.0,0.2472,0.3834800965563812
306,2022-12-01,189.14114630430407,forecast,Q4,2022,1242.0,0.2472,0.3764548419196777
307,2023-01-01,199.65443957592893,forecast,Q1,2023,1242.0,0.0521999999999999,0.08391273547394099
308,2023-02-01,192.61273136569648,forecast,Q1,2023,1242.0,0.0521999999999999,0.08095317695079982
309,2023-03-01,190.6454399062739,forecast,Q1,2023,1242.0,0.0521999999999999,0.08012634430843381
310,2023-04-01,202.7928995052013,forecast,Q2,2023,1242.0,0.1505,0.24573535729092427
311,2023-05-01,208.97099769033645,forecast,Q2,2023,1242.0,0.1505,0.2532217000998038
312,2023-06-01,206.00481388553752,forecast,Q2,2023,1242.0,0.1505,0.24962741135083247
313,2023-07-01,222.6889236755821,forecast,Q3,2023,1242.0,0.2029,0.3637969614635717
314,2023-08-01,214.3390888289264,forecast,Q3,2023,1242.0,0.2029,0.3501562087229401
315,2023-09-01,191.95822384657785,forecast,Q3,2023,1242.0,0.2029,0.3135935879103917
316,2023-10-01,223.000186458117,forecast,Q4,2023,1242.0,0.2472,0.4438457817427256
317,2023-11-01,213.6811413551473,forecast,Q4,2023,1242.0,0.2472,0.4252977306199067
318,2023-12-01,209.26806688746947,forecast,Q4,2023,1242.0,0.2472,0.416514220085205
319,2024-01-01,221.5561396035356,forecast,Q1,2024,1242.0,0.0521999999999999,0.09311779780438435
320,2024-02-01,214.96067800030283,forecast,Q1,2024,1242.0,0.0521999999999999,0.09034579220302566
321,2024-03-01,224.76067486046463,forecast,Q1,2024,1242.0,0.0521999999999999,0.09446463146309367
322,2024-04-01,222.5750589734014,forecast,Q2,2024,1242.0,0.1505,0.26970649255633583
323,2024-05-01,224.23720233183252,forecast,Q2,2024,1242.0,0.1505,0.27172060346973265
324,2024-06-01,231.4181550449288,forecast,Q2,2024,1242.0,0.1505,0.2804221605013026
325,2024-07-01,230.69023350965784,forecast,Q3,2024,1242.0,0.2029,0.3768683444372751
326,2024-08-01,232.45222464327816,forecast,Q3,2024,1242.0,0.2029,0.3797468307578192
327,2024-09-01,231.5198583418672,forecast,Q3,2024,1242.0,0.2029,0.3782236655198459
328,2024-10-01,236.8978941409511,forecast,Q4,2024,1242.0,0.2472,0.47150691973947756
329,2024-11-01,232.0711568852156,forecast,Q4,2024,1242.0,0.2472,0.4619000803705741
330,2024-12-01,230.3396904929642,forecast,Q4,2024,1242.0,0.2472,0.4584538767299578
331,2025-01-01,237.2593438595449,forecast,Q1,2025,1242.0,0.0521999999999999,0.09971769524531578
332,2025-02-01,229.07727239930827,forecast,Q1,2025,1242.0,0.0521999999999999,0.0962788536171004
333,2025-03-01,240.5338012737344,forecast,Q1,2025,1242.0,0.0521999999999999,0.10109391647736644
334,2025-04-01,243.03177671656724,forecast,Q2,2025,1242.0,0.1505,0.2944950273417341
335,2025-05-01,246.26899577144613,forecast,Q2,2025,1242.0,0.1505,0.2984177444734512
336,2025-06-01,250.0447497041813,forecast,Q2,2025,1242.0,0.1505,0.30299303406183
337,2025-07-01,255.165924008107,forecast,Q3,2025,1242.0,0.2029,0.4168531882547899
338,2025-08-01,253.6896414468018,forecast,Q3,2025,1242.0,0.2029,0.4144414512846706
339,2025-09-01,245.46426585767864,forecast,Q3,2025,1242.0,0.2029,0.4010040220815056
340,2025-10-01,259.3081014494486,forecast,Q4,2025,1242.0,0.2472,0.5161108106143615
341,2025-11-01,253.06605101861408,forecast,Q4,2025,1242.0,0.2472,0.5036870194186909
342,2025-12-01,250.43041293239,forecast,Q4,2025,1242.0,0.2472,0.49844120834852507
343,2026-01-01,259.15364197545705,forecast,Q1,2026,1242.0,0.0521999999999999,0.1089196466273658
344,2026-02-01,251.58322180247748,forecast,Q1,2026,1242.0,0.0521999999999999,0.10573787583002656
